JLPTN3_3	예상이나 답이 맞다	미리 내다본 내용이 실제 결과와 일치해요.	当てる	맞힌 사람이 답을 알아내는 행동보다 예상 자체가 적중하는 데 초점을 둔다.	雨になるという祖父の予想が[当たった/あたった]。	비가 온다던 할아버지의 예상이 [맞았다].	「犯人はあの人かな。」「最後まで読めば、推理が[当たっている/あたっている]か分かるよ。」	“범인은 저 사람일까?” “끝까지 읽으면 추리가 [맞는지] 알 수 있어.”
JLPTN3_6	생각이나 감정을 표현하다	속에 있는 마음을 말이나 모습으로 드러내요.	現す	숨었던 모습이 드러나는 뜻과 구별하여 생각이나 감정을 전달하는 용법이다.	感謝を[表す/あらわす]ために、店の人へ短い手紙を書いた。	감사를 [표현하기] 위해 가게 사람에게 짧은 편지를 썼다.	この絵では、寂しさを青い色で[表している/あらわしている]。	이 그림에서는 외로움을 푸른색으로 [표현하고 있다].
JLPTN3_9	어려운 목표에 도전하다	만만하지 않은 상대나 과제에 맞서 해 보려는 행동이에요.	試す	가능한지 가볍게 시험하는 것보다 어려움을 알고 맞서는 태도가 강하다.	去年は途中で諦めた山に、今年もう一度[挑む/いどむ]。	작년에는 도중에 포기한 산에 올해 다시 한번 [도전한다].	全国一位の選手に[挑んだ/いどんだ]が、一点も取れなかった。	전국 1위 선수에게 [도전했지만] 한 점도 따지 못했다.
JLPTN3_12	사실인지 의심하다	믿을 만한지 의문을 가져요. 선택을 망설이는 것보다 진실성이 중심이에요.	怪しむ	수상하다고 여기는 것과 겹치지만 말의 진실성이나 품질의 신뢰성을 의심하는 데 널리 쓴다.	彼の話を[疑った/うたがった]自分が恥ずかしい。全部本当だった。	그의 이야기를 [의심한] 내가 부끄럽다. 전부 사실이었다.	そんなに安いと、逆に品質を[疑って/うたがって]しまう。	그렇게 싸면 오히려 품질을 [의심하게] 된다.
JLPTN3_15	빼앗다	상대가 가지고 있던 것을 강제로 가져가거나 잃게 해요.	盗む	몰래 훔친다는 방법보다 상대에게서 무엇을 빼앗는 결과에 초점이 있다.	男は客のかばんを[奪って/うばって]、路地へ逃げた。	남자는 손님의 가방을 [빼앗고] 골목으로 달아났다.	その一言が、子どもから話す勇気を[奪った/うばった]。	그 한마디가 아이에게서 말할 용기를 [빼앗았다].
JLPTN3_18	뒤에서 따라잡다	앞선 사람과의 차이를 줄여 같은 지점에 도달해요.	追い越す	따라잡은 뒤 상대보다 앞으로 나아가는 것까지 뜻하지는 않는다.	靴ひもを結び直してから走り、橋の手前で友達に[追いついた/おいついた]。	신발 끈을 다시 묶고 달려 다리 앞에서 친구들을 [따라잡았다].	先に出発して。自転車だから、すぐ[追いつく/おいつく]よ。	먼저 출발해. 자전거니까 금방 [따라잡을게].
JLPTN3_21	흥분이나 불안이 가라앉다	들떠 있거나 불안한 마음이 차분해져요. 걱정거리가 없어졌다고 단정하지는 않아요.	安心する	걱정이 사라져 안심하는 것과 달리 불안이나 흥분이 가라앉아 침착해지는 변화다.	温かいお茶を飲むと、少し気持ちが[落ち着いた/おちついた]。	따뜻한 차를 마시니 마음이 조금 [진정되었다].	慌てなくていい。まず[落ち着いて/おちついて]、何があったか話して。	서두르지 않아도 돼. 먼저 [진정하고] 무슨 일이 있었는지 말해 봐.
JLPTN3_24	종이나 얇은 것을 접다	한쪽을 구부려 다른 쪽 위에 포개고 접힌 선을 만들어요.	畳む	여러 번 접어 작게 정리하는 것보다 한 번 구부려 접는 동작에도 자연스럽다.	手紙を三つに[折って/おって]、細い封筒に入れた。	편지를 세 겹으로 [접어] 좁은 봉투에 넣었다.	この紙、角を合わせて半分に[折れる/おれる]？	이 종이, 모서리를 맞춰 반으로 [접을 수 있어]?
JLPTN3_28	보이지 않게 숨기다	다른 사람이 찾거나 알지 못하도록 가려 두는 행동이에요.	隠れる	대상이 스스로 숨는 것과 달리 누군가가 대상을 보이지 않게 한다.	誕生日の贈り物を、妹の部屋に[隠した/かくした]。	생일 선물을 여동생 방에 [숨겼다].	失敗を[隠さず/かくさず]に報告してくれて、ありがとう。	실패를 [숨기지 않고] 보고해 줘서 고마워.
JLPTN3_31	위에 포개다	물건을 하나 위에 또 하나 올려 놓아요.	重なる	대상이 겹쳐 있는 상태와 누군가 대상을 포개는 동작을 구별한다.	洗った皿は、大きい順に[重ねて/かさねて]ください。	씻은 접시는 큰 것부터 차례로 [포개] 주세요.	紙を二枚[重ねた/かさねた]まま切れば、同じ形が二つできる。	종이 두 장을 [포갠] 채 자르면 같은 모양 두 개가 만들어진다.
JLPTN3_36	물기가 마르다	젖어 있던 물건에서 수분이 없어지는 변화예요.	乾かす	물기를 없애는 행동이 아니라 물기가 없어지는 쪽을 나타낸다.	昨日洗った靴がまだ[乾いていない/かわいていない]。	어제 빤 신발이 아직 [마르지 않았다].	インクが[乾く/かわく]まで、この紙には触らないで。	잉크가 [마를] 때까지 이 종이는 만지지 마.
JLPTN3_39	여러 사람에게 나누어 주다	받는 사람이 여럿이고 각각에게 돌아가도록 건네요.	渡す	한 사람에게 건네는 행동도 가능한 말보다 여러 수령자에게 분배하는 뜻이 중심이다.	係の人が、並んでいる客に整理券を[配っていた/くばっていた]。	담당자가 줄 서 있는 손님들에게 번호표를 [나누어 주고 있었다].	お土産は明日の会議で[配ろう/くばろう]。今日は休みの人が多い。	선물은 내일 회의에서 [나누어 주자]. 오늘은 쉬는 사람이 많아.
JLPTN3_42	같은 일을 반복하다	앞서 한 동작이나 말을 다시 하는 거예요.	続ける	중단 없이 이어 가는 것과 달리 같은 일이 되풀이되는 점을 나타낸다.	同じ質問を三回も[繰り返して/くりかえして]、やっと返事がもらえた。	같은 질문을 세 번이나 [반복하고서야] 겨우 답을 들었다.	この失敗を[繰り返さない/くりかえさない]ように、手順をメモしておこう。	이 실패를 [되풀이하지 않도록] 순서를 적어 두자.
JLPTN3_45	얼다	차가워져서 액체가 단단한 상태로 변해요.	冷える	온도가 내려가는 것만이 아니라 얼음처럼 굳는 변화를 뜻한다.	朝、バケツの水が[凍っていた/こおっていた]。	아침에 양동이의 물이 [얼어 있었다].	道が[凍る/こおる]かもしれないから、明日は歩いて行こう。	길이 [얼지도] 모르니 내일은 걸어가자.
JLPTN3_48	발을 헛디뎌 넘어지다	서거나 걷던 사람이 균형을 잃고 바닥에 넘어져요.	倒れる	기둥이나 사람이 쓰러지는 넓은 뜻과 달리 걷거나 달리다가 넘어지는 장면에 잘 쓴다.	駅の階段で[転んで/ころんで]、膝をすりむいた。	역 계단에서 [넘어져서] 무릎이 까졌다.	そんなに後ろを見ながら走ると、[転ぶ/ころぶ]よ。	그렇게 뒤를 보면서 달리면 [넘어져].
JLPTN3_51	소란을 피우다	큰 소리와 들뜬 행동으로 소란을 만들어요. 한 번 소리치는 것보다 넓어요.	叫ぶ	큰 소리로 외치는 한 동작보다 여러 사람이 떠들고 들뜬 행동을 하는 소란도 포함한다.	隣の部屋で誰かが[騒いでいて/さわいでいて]、眠れなかった。	옆방에서 누군가 [소란을 피우고 있어서] 잠을 잘 수 없었다.	赤ちゃんが寝ているから、ここでは[騒がないで/さわがないで]ね。	아기가 자고 있으니 여기서는 [떠들지 마].
JLPTN3_54	지시나 규칙을 따르다	누군가의 말이나 정해진 기준대로 행동해요.	ついて行く	사람의 뒤를 따라 이동하는 뜻보다 지시나 방침에 맞추는 용법이다.	案内の矢印に[従って/したがって]進むと、中庭に出た。	안내 화살표를 [따라] 가니 안뜰로 나왔다.	納得できない命令には[従いたくない/したがいたくない]。	납득할 수 없는 명령에는 [따르고 싶지 않다].
JLPTN3_57	알 수 있도록 제시하다	상대가 확인하거나 판단하도록 구체적인 것을 보여 줘요.	見せる	눈으로 보게 하는 일반적인 행동보다 근거나 방향 등을 분명히 제시하는 데 잘 쓴다.	反対するなら、別の案を[示して/しめして]ほしい。	반대한다면 다른 방안을 [제시해] 줬으면 한다.	先生は地図を広げ、安全な道を指で[示した/しめした]。	선생님은 지도를 펴고 안전한 길을 손가락으로 [가리켰다].
JLPTN3_60	시간이 지나다	정해진 시각이나 기간을 넘어 시간이 흘러가요.	過ごす	누군가 시간을 보내는 행동과 달리 시간 자체가 흐르는 것을 나타낸다.	話に夢中で、気づくと十時を[過ぎていた/すぎていた]。	이야기에 빠져 있다 정신을 차려 보니 10시가 [지나 있었다].	約束の日から一週間[過ぎた/すぎた]のに、荷物は届かない。	약속한 날로부터 일주일이 [지났는데도] 짐이 도착하지 않는다.
JLPTN3_63	서 있던 것이 쓰러지다	똑바로 서 있던 사람이나 물체가 옆으로 무너져요.	倒す	누군가 넘어뜨리는 행동보다 대상이 쓰러지는 변화다.	風で看板が[倒れた/たおれた]ので、店員を呼んだ。	바람에 간판이 [쓰러져서] 점원을 불렀다.	棚が[倒れない/たおれない]ように、壁に固定した。	선반이 [쓰러지지 않도록] 벽에 고정했다.
JLPTN3_66	접어서 정리하다	펼쳐진 옷이나 물건을 접어 작게 정돈해요.	折る	접힌 선을 만드는 동작보다 펼친 물건을 작게 정리하는 데 초점이 있다.	乾いたシャツを[畳みながら/たたみながら]、ラジオを聞いた。	마른 셔츠를 [개면서] 라디오를 들었다.	部屋を広く使いたいので、布団は毎朝[畳んでいる/たたんでいる]。	방을 넓게 쓰고 싶어서 이불은 매일 아침 [개고 있다].
JLPTN3_69	도움이나 힘에 의지하다	자기 힘만으로 해결하기 어려워 다른 사람이나 수단을 믿고 기대요.	頼む	구체적으로 부탁하는 행위와 달리 도움의 근거로 의지하는 관계를 나타낸다.	困ったときは、一人で抱えずに私を[頼って/たよって]。	곤란할 때는 혼자 끌어안지 말고 나에게 [의지해].	地図アプリに[頼りすぎて/たよりすぎて]、近所の道さえ覚えていない。	지도 앱에 [너무 의존해서] 동네 길조차 외우지 못하고 있다.
JLPTN3_72	뜻이나 정보가 전해지다	말이나 표현이 상대에게 닿아 이해되는 쪽이에요.	伝える	누군가 전달하는 행동이 아니라 내용이 상대에게 도달하는 결과다.	短い手紙だったが、母の喜びがよく[伝わってきた/つたわってきた]。	짧은 편지였지만 어머니의 기쁨이 잘 [전해져 왔다].	冗談のつもりでも、文字だけでは[伝わらない/つたわらない]ことがある。	농담할 생각이었어도 글만으로는 [전해지지 않을] 때가 있다.
JLPTN3_75	어떤 곳을 지나가다	길이나 공간을 이동 경로로 삼아 지나가요.	通う	같은 곳을 오가는 반복보다 한 번의 통과나 이동 경로를 나타낸다.	帰りは公園の中を[通って/とおって]、桜を見よう。	돌아갈 때는 공원 안을 [지나가며] 벚꽃을 보자.	大きな荷物を持っていて、この狭い入口を[通れない/とおれない]。	큰 짐을 들고 있어서 이 좁은 입구를 [지나갈 수 없다].
JLPTN3_78	펼치거나 벌린 것을 닫다	눈이나 책처럼 벌어져 있던 것을 닫아요.	閉める	문을 닫는 말과 겹치지만 눈이나 책에는 이 표현이 자연스럽다.	話を聞くときは、本を[閉じて/とじて]こちらを見て。	이야기를 들을 때는 책을 [덮고] 이쪽을 봐.	目を[閉じる/とじる]と、波の音がよく聞こえた。	눈을 [감으니] 파도 소리가 잘 들렸다.
JLPTN3_81	이미 정한 것을 취소하다	신청이나 발언처럼 이미 내놓은 내용을 거두어들여요.	中止する	진행하던 일을 중단하는 것보다 이미 성립시킨 신청이나 의사 표시를 철회한다.	日付を間違えたので、予約をいったん[取り消した/とりけした]。	날짜를 잘못 골라 예약을 일단 [취소했다].	さっきの発言は[取り消します/とりけします]。事情を知らずに話しました。	아까 한 발언은 [취소하겠습니다]. 사정을 모르고 말했습니다.
JLPTN3_84	슬픈 마음을 위로하다	실패하거나 슬퍼하는 사람의 아픈 마음을 달래 줘요.	励ます	앞으로 힘을 내도록 북돋는 것보다 지금의 슬픔을 달래는 데 초점이 있다.	試合に負けて泣く弟を、姉がそっと[慰めた/なぐさめた]。	경기에 져서 우는 남동생을 누나가 조용히 [위로했다].	無理に[慰めよう/なぐさめよう]とせず、ただ隣にいてくれた。	억지로 [위로하려] 하지 않고 그저 옆에 있어 주었다.
JLPTN3_87	사람이나 분위기에 어울리다	옷이나 모습이 그 사람의 인상과 잘 맞아요.	似る	모양이 비슷하다는 뜻과 달리 조화롭고 보기 좋다는 뜻이다.	その丸い眼鏡、前のよりずっと[似合っている/にあっている]よ。	그 둥근 안경, 전 것보다 훨씬 [잘 어울려].	明るい色が自分にも[似合う/にあう]と知って、服選びが楽しくなった。	밝은 색이 내게도 [어울린다는] 것을 알고 옷 고르기가 즐거워졌다.
JLPTN3_90	물기에 젖다	물이나 비가 묻어서 마른 상태가 아니게 돼요.	濡らす	물을 묻히는 행동이 아니라 물기가 묻은 쪽의 변화다.	傘を忘れて、肩まで[濡れてしまった/ぬれてしまった]。	우산을 잊어서 어깨까지 [젖어 버렸다].	床が[濡れている/ぬれている]から、走らないでください。	바닥이 [젖어 있으니] 뛰지 마세요.
JLPTN3_93	없어지지 않고 남다	쓰거나 지나간 뒤에도 일부가 그대로 있어요.	残す	남겨 두는 행동이 아니라 일부가 남아 있는 상태다.	鍋に少し[残った/のこった]スープで、朝は雑炊を作った。	냄비에 조금 [남은] 수프로 아침에는 죽을 만들었다.	洗っても袖の汚れが[残っている/のこっている]。	빨아도 소매의 때가 [남아 있다].
JLPTN3_96	길이나 크기 등을 재다	눈대중 대신 도구나 기준으로 수치를 알아봐요.	量る	무게나 양을 재는 표기와 구별하여 길이와 높이 등을 측정한다.	カーテンを買う前に、窓の幅を[測った/はかった]。	커튼을 사기 전에 창문의 너비를 [쟀다].	この机、入口を通るかな。先に[測って/はかって]みよう。	이 책상, 입구를 통과할까? 먼저 [재어] 보자.
JLPTN3_99	떨어지게 떼다	붙잡거나 가까이 두었던 것을 떨어뜨려 놓아요.	離れる	대상 자체가 멀어지는 것이 아니라 사람이 떨어뜨리는 행동이다.	熱い鍋から手を[離した/はなした]瞬間、床に落としてしまった。	뜨거운 냄비에서 손을 [뗀] 순간 바닥에 떨어뜨리고 말았다.	二つの椅子をもう少し[離して/はなして]置こう。	의자 두 개를 조금 더 [떼어] 놓자.
JLPTN3_103	떨어진 것을 줍다	바닥 등에 있는 물건을 집어 올려요.	取る	집거나 가져오는 넓은 동작 중에서도 떨어져 있는 것을 집는 상황이다.	浜辺で[拾った/ひろった]貝殻を、小さな瓶に入れた。	해변에서 [주운] 조개껍데기를 작은 병에 넣었다.	小銭を落としたら、後ろの人が[拾って/ひろって]くれた。	동전을 떨어뜨리자 뒤에 있던 사람이 [주워] 주었다.
JLPTN3_106	가볍게 닿다	어떤 것의 표면과 가볍게 접촉해요.	触る	손으로 만지는 행동과 겹치지만 살짝 스치거나 닿는 접촉에도 자연스럽다.	猫の鼻に指が[触れる/ふれる]と、ひんやりした。	고양이 코에 손가락이 [닿자] 차가웠다.	展示品には[触れないで/ふれないで]、近くでご覧ください。	전시품은 [만지지 말고] 가까이에서 봐 주세요.
JLPTN3_109	서로 섞이게 하다	서로 다른 재료가 한데 뒤섞이도록 움직여요.	混ざる	재료들이 섞이는 상태 변화가 아니라 사람이 섞는 행동이다.	卵と牛乳をよく[混ぜて/まぜて]から、粉を入れる。	달걀과 우유를 잘 [섞은] 뒤 가루를 넣는다.	白い絵の具を少し[混ぜた/まぜた]ら、春らしい色になった。	흰 물감을 조금 [섞었더니] 봄다운 색이 되었다.
JLPTN3_112	늦지 않게 시간에 맞다	시작이나 마감 전에 도착하거나 준비를 끝내요.	急ぐ	서두르는 행동 자체가 아니라 필요한 시각에 늦지 않는 결과다.	今から走れば、最終バスに[間に合う/まにあう]。	지금부터 뛰면 막차 시간에 [맞출 수 있다].	締め切りに[間に合わなくて/まにあわなくて]、作品を応募できなかった。	마감에 [늦어서] 작품을 응모하지 못했다.
JLPTN3_115	찾아내다	찾던 것이나 눈에 띈 것을 발견하는 순간이에요.	探す	찾는 과정이 아니라 발견했다는 결과에 초점이 있다.	なくした鍵を、コートの内側で[見つけた/みつけた]。	잃어버린 열쇠를 외투 안쪽에서 [찾았다].	四つ葉のクローバーを[見つけたら/みつけたら]、写真を撮ってね。	네 잎 클로버를 [찾으면] 사진을 찍어 줘.
JLPTN3_118	불이 붙어 타다	물체가 불에 타는 쪽의 상태나 변화예요.	燃やす	불을 붙여 태우는 행동과 달리 대상 자체가 탄다.	たき火の中で、乾いた枝が勢いよく[燃えている/もえている]。	모닥불 속에서 마른 가지가 힘차게 [타고 있다].	この布は[燃えやすい/もえやすい]から、火のそばに置かないで。	이 천은 [불이 잘 붙으니] 불 옆에 두지 마.
JLPTN3_121	종이나 천이 찢어지다	얇은 물건이 갈라져 구멍이나 틈이 생겨요.	破る	찢는 사람의 행동이 아니라 종이나 천이 찢어진 결과다.	袋の底が[破れて/やぶれて]、みかんが転がった。	봉지 밑바닥이 [찢어져서] 귤이 굴러갔다.	このズボンは膝が[破れている/やぶれている]けれど、まだ捨てたくない。	이 바지는 무릎이 [찢어져 있지만] 아직 버리고 싶지 않다.
JLPTN3_124	더러워지다	깨끗했던 곳에 때나 흙 등이 묻어요.	汚す	더럽히는 행동이 아니라 대상의 깨끗한 상태가 달라진다.	庭仕事をしたら、爪の中まで[汚れた/よごれた]。	정원 일을 했더니 손톱 안까지 [더러워졌다].	白い靴は[汚れやすい/よごれやすい]ので、今日は黒いほうにする。	흰 신발은 [쉽게 더러워지니] 오늘은 검은 것으로 하겠다.
JLPTN3_127	단단한 것이 깨지다	유리나 그릇처럼 단단한 물건이 갈라져요.	割る	누가 깨뜨리는 행동이 아니라 물건이 깨지는 변화다.	落としたコップは、幸い[割れなかった/われなかった]。	떨어뜨린 컵은 다행히 [깨지지 않았다].	窓ガラスが[割れている/われている]から、そこには近づかないで。	유리창이 [깨져 있으니] 그쪽에는 가까이 가지 마.
JLPTN3_134	행동이나 사람이 훌륭하다	수고나 올바른 행동을 인정하며 칭찬하는 말이에요.	賢い	머리가 좋다는 평가와 달리 태도나 행동을 칭찬할 때도 쓴다.	誰も見ていないのに掃除したんだね。[偉い/えらい]ね。	아무도 안 보는데 청소했구나. [기특하네].	自分の間違いを認められる人は[偉い/えらい]と思う。	자기 잘못을 인정할 수 있는 사람은 [훌륭하다고] 생각한다.
JLPTN3_138	때나 오염으로 더럽다	흙이나 때가 묻어 깨끗하지 않은 상태예요.	散らかっている	물건이 어질러진 배치보다 표면의 때나 오염을 말한다.	[汚い/きたない]手でパンを触らないで。	[더러운] 손으로 빵을 만지지 마.	宿の窓が[汚くて/きたなくて]、海がよく見えなかった。	숙소 창문이 [더러워서] 바다가 잘 보이지 않았다.
JLPTN3_145	사이가 가깝다	서로 잘 알고 마음을 편하게 나누는 관계예요.	近い	거리의 가까움이 아니라 사람 사이의 친밀함이다.	結婚式には、家族と[親しい/したしい]友人だけを招いた。	결혼식에는 가족과 [친한] 친구들만 초대했다.	彼とは[親しくなって/したしくなって]から、冗談が通じるようになった。	그와 [친해지고] 나서 농담이 통하게 되었다.
JLPTN3_149	살림이 가난하다	생활에 필요한 돈이나 물자가 넉넉하지 않아요.	少ない	단순히 수량이 적다는 뜻보다 생활 자원의 부족을 나타낸다.	[貧しい/まずしい]暮らしの中でも、祖母は花を飾っていた。	[가난한] 살림 속에서도 할머니는 꽃을 장식해 두셨다.	家が[貧しかった/まずしかった]ので、兄は働きながら学校に通った。	집이 [가난해서] 형은 일하면서 학교에 다녔다.
JLPTN3_154	조임이 느슨하다	꽉 조이거나 단단히 고정되지 않은 상태예요.	柔らかい	재질이 무른 것이 아니라 조이거나 매인 정도가 약하다.	靴ひもが[緩い/ゆるい]よ。結び直したほうがいい。	신발 끈이 [느슨해]. 다시 묶는 게 좋겠어.	瓶のふたを[緩く/ゆるく]閉めたせいで、かばんの中に汁が漏れた。	병뚜껑을 [느슨하게] 닫는 바람에 가방 안으로 국물이 샜다.
JLPTN3_157	가장 중심이 되다	여러 요소 중에서 비중이 크고 중심이 되는 것을 골라요.	重要だ	중요성 자체의 평가보다 여러 요소 중 중심을 이루거나 큰 비중을 차지한다는 뜻이다.	この町の[主な/おもな]産業は、漁業と観光だ。	이 마을의 [주요] 산업은 어업과 관광이다.	会議で出た[主な/おもな]意見だけ、先にメールで送ります。	회의에서 나온 [주요] 의견만 먼저 이메일로 보내겠습니다.
JLPTN3_163	실제로 쓰기에 유용하다	모양만 보기 좋은 데서 그치지 않고 생활에서 쓸모가 있어요.	便利だ	편리함과 겹치지만 실제 사용 목적에 도움이 되는 성질을 평가한다.	飾りより、毎日使える[実用的な/じつようてきな]贈り物がうれしい。	장식품보다 매일 쓸 수 있는 [실용적인] 선물이 좋다.	このかばんはポケットが多くて[実用的だ/じつようてきだ]。	이 가방은 주머니가 많아서 [실용적이다].
JLPTN3_167	먹을 것이 신선하다	수확하거나 잡은 뒤 오래되지 않아 상태가 좋아요.	新しい	만들거나 얻은 시점의 새로움보다 식재료의 싱싱함을 나타낸다.	港で買った魚は[新鮮で/しんせんで]、身がしっかりしていた。	항구에서 산 생선은 [신선해서] 살이 탄탄했다.	このトマト、[新鮮な/しんせんな]うちに生で食べよう。	이 토마토, [신선할] 때 생으로 먹자.
JLPTN3_173	성미가 급하다	작은 일에도 기다리지 못하고 쉽게 화를 내는 성향이에요.	せっかちだ	행동을 서두르는 성향과 달리 쉽게 성을 내는 측면이 두드러진다.	父は[短気で/たんきで]、返事が遅いだけで怒り出す。	아버지는 [성미가 급해서] 대답이 늦다는 이유만으로 화를 내기 시작한다.	昔ほど[短気ではなくなった/たんきではなくなった]が、渋滞中はまだいらいらする。	예전만큼 [성미가 급하지는 않게 되었지만] 정체 중에는 아직 짜증이 난다.
JLPTN3_176	잘하지 못해 어렵게 느끼다	자신이 없거나 다루기 어려워 편하지 않은 분야예요.	下手だ	기술의 낮음을 객관적으로 평가하기보다 본인이 어려워하는 마음도 담는다.	私は人前で話すのが[苦手です/にがてです]。	저는 사람들 앞에서 말하는 것이 [어렵습니다].	計算は[苦手だけど/にがてだけど]、図を描く問題なら好きだ。	계산은 [자신 없지만] 그림을 그리는 문제라면 좋아한다.
JLPTN3_181	칭찬할 만큼 훌륭하다	내용이나 행동이 훌륭하다고 인정해요. 뛰어난 솜씨만이 아니라 인품도 평가해요.	優秀だ	성적과 능력이 우수하다는 평가와 겹치지만 인품과 태도, 결과물의 완성도까지 폭넓게 칭찬한다.	失敗を認めて謝ったのは、[立派な/りっぱな]態度だった。	실패를 인정하고 사과한 것은 [훌륭한] 태도였다.	初めて作ったの？ これなら十分[立派だ/りっぱだ]よ。	처음 만든 거야? 이 정도면 충분히 [훌륭해].
JLPTN3_185	기름	조리할 때 두르거나 튀기는 데 쓰는 액체를 떠올려요.	脂	동물의 지방을 가리키는 표기와 구별하여 액체 기름에 널리 쓴다.	フライパンに[油/あぶら]を引いてから、卵を入れた。	프라이팬에 [기름]을 두른 뒤 달걀을 넣었다.	揚げ物に使った[油/あぶら]は、流しに捨てないでください。	튀김에 쓴 [기름]은 싱크대에 버리지 마세요.
JLPTN3_190	기준 시점부터 그 이후	말한 날짜나 시각부터 그 뒤의 범위를 가리켜요. 기준 시점 자체도 포함해요.	以後	둘 다 기준 이후를 나타내지만 이 표현은 일정이나 구간 안내에서 흔히 쓰인다.	午後八時[以降/いこう]は、裏口からお入りください。	오후 8시 [이후]에는 뒷문으로 들어오세요.	来週の月曜日[以降/いこう]なら、いつでも受け取りに行けます。	다음 주 월요일 [이후]라면 언제든 받으러 갈 수 있습니다.
JLPTN3_193	자리나 위치	전체 공간 안에서 어디에 있는지를 나타내요.	場所	장소 자체보다 다른 것과의 관계 속에서 놓인 지점을 나타내기 좋다.	鏡の[位置/いち]を少し上げたら、顔がよく見えるようになった。	거울의 [위치]를 조금 높이니 얼굴이 잘 보이게 되었다.	地図で現在の[位置/いち]を確かめよう。	지도에서 현재 [위치]를 확인하자.
JLPTN3_196	다른 곳으로 옮겨 감	있는 장소에서 다른 장소로 자리를 옮겨요.	旅行	여행이라는 목적 없이 짧은 거리의 자리 변경에도 쓴다.	雨が降ってきたので、みんなで室内へ[移動/いどう]した。	비가 내리기 시작해서 모두 실내로 [이동]했다.	次の会議まで十分しかない。今すぐ[移動/いどう]しよう。	다음 회의까지 10분밖에 없다. 지금 바로 [이동]하자.
JLPTN3_199	앞면의 반대쪽	지금 보이는 앞쪽과 반대인 면을 가리켜요.	内側	안에 있는 면이 아니라 앞면과 반대인 면이다. 물건에 따라 겹칠 수 있다.	写真の[裏側/うらがわ]に、撮った日付が書いてあった。	사진 [뒷면]에 촬영한 날짜가 적혀 있었다.	看板の[裏側/うらがわ]にも店の名前を入れよう。	간판 [뒤쪽]에도 가게 이름을 넣자.
JLPTN3_202	웃는 얼굴	웃음이 드러나는 얼굴의 표정을 말해요.	笑い声	소리로 들리는 웃음이 아니라 눈에 보이는 표정이다.	玄関で娘の[笑顔/えがお]を見ると、疲れが消えた。	현관에서 딸의 [웃는 얼굴]을 보니 피로가 사라졌다.	最後の一枚は、みんな[笑顔/えがお]で撮りましょう。	마지막 한 장은 모두 [웃는 얼굴]로 찍읍시다.
JLPTN3_205	좋은 일을 축하함	기쁜 일을 함께 기뻐하며 말이나 선물로 마음을 전해요.	お礼	받은 도움에 감사하는 것과 달리 상대의 경사를 기뻐한다.	合格の[お祝い/おいわい]に、祖父が時計をくれた。	합격 [축하] 선물로 할아버지가 시계를 주셨다.	今夜は母の退職の[お祝い/おいわい]で、家族が集まる。	오늘 밤은 어머니의 퇴직 [축하]를 위해 가족이 모인다.
JLPTN3_208	갔다가 돌아옴	목적지까지 가는 길과 다시 오는 길을 함께 세어요.	片道	한쪽 방향만이 아니라 가는 편과 돌아오는 편을 모두 포함한다.	空港まで[往復/おうふく]すると、半日かかる。	공항까지 [왕복]하면 반나절이 걸린다.	帰る日も決まっているので、[往復/おうふく]の切符を買った。	돌아오는 날도 정해져 있어서 [왕복] 표를 샀다.
JLPTN3_211	같은 음식을 더 받음	한 번 받은 음식이나 음료를 먹은 뒤 더 청해요.	追加	새 항목을 더하는 넓은 뜻보다 먹던 음식의 다음 몫을 받는 용법이다.	ご飯の[お代わり/おかわり]をお願いできますか。	밥 [한 공기 더] 부탁드려도 될까요?	弟はスープを三杯も[お代わり/おかわり]して、鍋を空にした。	남동생은 수프를 세 그릇이나 [더 먹어서] 냄비를 비웠다.
JLPTN3_214	음식값 등을 계산함	식사나 물건 값을 치르는 자리에서 쓰는 말이에요.	計算	숫자를 셈하는 일반적인 작업과 달리 가게에서 대금을 치르는 뜻으로 쓴다.	すみません、[会計/かいけい]は別々にできますか。	실례합니다. [계산]은 따로 할 수 있나요?	[会計/かいけい]を済ませて外に出たら、友達が傘を持って待っていた。	[계산]을 마치고 밖으로 나오니 친구가 우산을 들고 기다리고 있었다.
JLPTN3_218	각자	모인 사람 하나하나가 자기 몫을 맡는다는 뜻이에요.	全員	전체 구성원을 한꺼번에 가리키기보다 개인별 행동이나 책임을 강조한다.	飲み物は[各自/かくじ]で用意してください。	음료는 [각자] 준비해 주세요.	昼休みは[各自/かくじ]、好きな店で食事をした。	점심시간에는 [각자] 좋아하는 가게에서 식사했다.
JLPTN3_221	지나간 시간이나 일	지금보다 앞서 이미 일어난 때와 일을 가리켜요.	昔	아주 오래전이라는 느낌 없이 최근에 지난 일까지 포함한다.	[過去/かこ]の失敗を隠さずに話してくれた。	[과거]의 실패를 숨기지 않고 이야기해 주었다.	これは[過去/かこ]十年間で一番多い雨量だ。	이것은 [지난] 10년간 가장 많은 강수량이다.
JLPTN3_224	어깨	목 양쪽에서 팔로 이어지는 몸의 부분이에요.	腕	팔 전체가 아니라 목 옆에서 팔이 붙는 윗부분이다.	重いかばんを持って歩いたら、[肩/かた]が痛くなった。	무거운 가방을 들고 걸었더니 [어깨]가 아파졌다.	眠った子どもの頭を、そっと自分の[肩/かた]に寄せた。	잠든 아이의 머리를 살며시 자기 [어깨]에 기대게 했다.
JLPTN3_227	한쪽 방향의 길	출발지에서 목적지까지 한 방향만 계산해요.	往復	돌아오는 구간까지 포함하지 않고 한쪽 구간만 나타낸다.	学校までは[片道/かたみち]四十分かかる。	학교까지는 [편도] 40분이 걸린다.	帰りは船に乗るので、電車の切符は[片道/かたみち]だけ買った。	돌아올 때는 배를 타므로 기차표는 [편도]만 샀다.
JLPTN3_230	음악을 연주하는 도구	소리를 내어 음악을 연주하는 데 쓰는 물건이에요.	道具	도구 중에서도 음악 연주를 위해 사용하는 것이다.	何か[楽器/がっき]が弾けたら、旅先で友達ができそうだ。	무언가 [악기]를 연주할 수 있다면 여행지에서 친구가 생길 것 같다.	この店では、[楽器/がっき]を買う前に音を試せる。	이 가게에서는 [악기]를 사기 전에 소리를 시험해 볼 수 있다.
JLPTN3_234	안이 텅 빔	용기 안에 들어 있던 내용물이 없는 상태예요.	空き	사용되지 않는 자리나 여유보다 용기 속 내용물이 없음을 말한다.	冷蔵庫を開けたら、牛乳のパックが[空/から]だった。	냉장고를 열었더니 우유 팩이 [비어] 있었다.	この箱は[空/から]だから、持っても軽いよ。	이 상자는 [속이 비어서] 들어도 가벼워.
JLPTN3_237	몸으로 느끼는 감각	몸이 온도나 접촉 등을 느끼는 능력과 느낌이에요.	感情	기쁨과 슬픔 같은 마음의 움직임보다 신체가 받아들이는 느낌이다.	寒さで指の[感覚/かんかく]がなくなってきた。	추위로 손가락의 [감각]이 사라지기 시작했다.	裸足で砂を踏む[感覚/かんかく]が、思ったより気持ちよかった。	맨발로 모래를 밟는 [감각]이 생각보다 기분 좋았다.
JLPTN3_240	서로 맺는 관계	사람이나 일 사이에 어떤 연결이 있는지를 말해요.	連絡	연락을 주고받는 행위가 아니라 서로 이어져 있는 관계를 가리킨다.	引っ越した後も、隣の家とは良い[関係/かんけい]が続いている。	이사한 뒤에도 옆집과 좋은 [관계]가 이어지고 있다.	その話と今日の議題には、どんな[関係/かんけい]があるのですか。	그 이야기와 오늘의 의제에는 어떤 [관계]가 있습니까?
JLPTN3_243	자세히 살펴봄	변화나 특징을 알아내기 위해 대상을 주의 깊게 봐요.	見物	구경하며 즐기는 것보다 특징을 알아보려고 자세히 살핀다.	窓辺の豆を毎朝[観察/かんさつ]して、葉の数を記録した。	창가의 콩을 매일 아침 [관찰]하고 잎 수를 기록했다.	鳥に近づきすぎず、ここから[観察/かんさつ]しよう。	새에게 너무 가까이 가지 말고 여기에서 [관찰]하자.
JLPTN3_246	기계	동력이나 장치를 이용하여 일정한 일을 하는 물건이에요.	器具	비교적 단순한 기구와 달리 여러 부분이 작동하여 일을 하는 장치를 가리킨다.	この[機械/きかい]は、瓶にふたをするためのものだ。	이 [기계]는 병에 뚜껑을 씌우기 위한 것이다.	変な音がしたので、すぐ[機械/きかい]を止めた。	이상한 소리가 나서 즉시 [기계]를 멈췄다.
JLPTN3_249	일을 해내는 기술	경험과 지식을 바탕으로 작업을 잘 해내는 방법이나 능력이에요.	知識	알고 있는 내용뿐 아니라 실제로 만들거나 실행하는 능력과 방법까지 포함한다.	祖父の家具作りの[技術/ぎじゅつ]を、少しずつ教わっている。	할아버지의 가구 제작 [기술]을 조금씩 배우고 있다.	この修理には特別な[技術/ぎじゅつ]が必要で、自分ではできない。	이 수리에는 특별한 [기술]이 필요해서 스스로 할 수 없다.
JLPTN3_252	지켜야 하는 규칙	공동생활이나 활동에서 정해 놓은 행동 기준이에요.	習慣	반복되어 굳어진 버릇이나 관행보다 지키도록 정해진 행동 기준을 말한다.	寮の[規則/きそく]では、夜十時までに帰ることになっている。	기숙사 [규칙]상 밤 10시까지 돌아오게 되어 있다.	理由も説明せずに[規則/きそく]だけ増やしても、誰も納得しない。	이유도 설명하지 않고 [규칙]만 늘려도 아무도 납득하지 않는다.
JLPTN3_255	우표	우편 요금을 냈다는 표시로 편지에 붙이는 종이예요.	切符	교통수단의 이용권과 달리 우편물에 붙이는 요금 표시다.	封筒に[切手/きって]を貼るのを忘れていた。	봉투에 [우표] 붙이는 것을 잊고 있었다.	祖父は外国の[切手/きって]を集め、小さな帳面に並べている。	할아버지는 외국 [우표]를 모아 작은 수첩에 정리하고 계신다.
JLPTN3_258	방향이나 순서가 반대임	정해진 방향이나 보통의 순서와 뒤바뀐 상태예요.	違い	단순한 차이가 아니라 방향이나 순서가 뒤집힌 관계다.	電池の向きが[逆/ぎゃく]だったので、時計が動かなかった。	건전지 방향이 [반대]여서 시계가 움직이지 않았다.	帰りは来た道を[逆/ぎゃく]にたどればいい。	돌아갈 때는 왔던 길을 [거꾸로] 따라가면 된다.
JLPTN3_261	서로 앞서려고 겨룸	더 좋은 성적이나 결과를 얻으려고 서로 겨루어요. 달리기에만 쓰는 말은 아니에요.	競走	달리는 빠르기를 겨루는 말과 달리 가격이나 실력 등 여러 기준에서의 경쟁을 포함한다.	店が増えて、弁当の値段の[競争/きょうそう]が激しくなった。	가게가 늘어서 도시락 가격 [경쟁]이 치열해졌다.	弟と駅まで[競争/きょうそう]したら、私のほうが先に息切れした。	남동생과 역까지 [경주]했더니 내가 먼저 숨이 찼다.
JLPTN3_264	힘을 합해 도움	같은 일을 이루려고 서로 힘을 보태요.	賛成	의견에 동의하는 것만이 아니라 실제로 힘을 보태는 것을 말한다.	近所の人と[協力/きょうりょく]して、倒れた木を道の端へ運んだ。	이웃과 [협력]해서 쓰러진 나무를 길 가장자리로 옮겼다.	アンケートへの[協力/きょうりょく]をお願いしたら、十人が答えてくれた。	설문 [협조]를 부탁했더니 열 명이 답해 주었다.
JLPTN3_267	담배를 피우지 못하게 함	이 장소에서는 흡연할 수 없다는 규칙이에요.	禁酒	술을 마시지 못하게 하는 규칙과 달리 담배에 관한 제한이다.	この建物は、入口も含めて全部[禁煙/きんえん]です。	이 건물은 입구를 포함해 전부 [금연]입니다.	[禁煙/きんえん]の席を予約したので、煙を気にせず食事できた。	[금연]석을 예약해서 연기 걱정 없이 식사할 수 있었다.
JLPTN3_270	더 나은 방법을 궁리함	문제를 해결하거나 쓰기 좋게 만들려고 방법을 생각해 내요.	努力	힘을 들이는 일반적인 노력보다 방법을 바꾸고 아이디어를 내는 데 초점이 있다.	狭い部屋でも暮らしやすくなるよう、収納を[工夫/くふう]した。	좁은 방에서도 살기 편하도록 수납을 [궁리]했다.	少しの[工夫/くふう]で、残ったご飯が立派なおやつになった。	약간의 [아이디어]로 남은 밥이 훌륭한 간식이 되었다.
JLPTN3_273	실력을 기르는 훈련	필요한 행동을 익히려고 계획적으로 연습해요.	練習	폭넓은 연습과 겹치지만 특정 상황에 대응할 능력을 체계적으로 기르는 데 잘 쓴다.	火災を想定した[訓練/くんれん]で、避難口の場所を初めて知った。	화재를 가정한 [훈련]에서 비상구 위치를 처음 알았다.	救助犬は毎日[訓練/くんれん]を受けて、人の匂いを覚える。	구조견은 매일 [훈련]을 받으며 사람 냄새를 익힌다.
JLPTN3_276	직접 겪은 경험	자신이 실제로 해 보거나 겪은 일이에요.	知識	배워서 아는 내용과 달리 실제로 겪었다는 점이 중심이다.	海外で働いた[経験/けいけん]が、今の仕事に役立っている。	해외에서 일한 [경험]이 지금 업무에 도움이 되고 있다.	こんな大雪は初めての[経験/けいけん]で、玄関を開けて驚いた。	이런 폭설은 처음 하는 [경험]이라 현관문을 열고 놀랐다.
JLPTN3_279	중간 지점을 거쳐 감	출발지와 목적지 사이에 다른 곳을 거쳐요.	乗り換え	도중에 교통수단을 갈아타지 않아도 어떤 지점을 거치면 쓸 수 있다.	大阪[経由/けいゆ]で金沢へ向かう列車に乗った。	오사카 [경유]로 가나자와에 가는 열차를 탔다.	この便はソウルを[経由/けいゆ]するので、到着まで少し長くかかる。	이 항공편은 서울을 [경유]하므로 도착까지 조금 더 오래 걸린다.
JLPTN3_283	수업이나 모임에 빠짐	참석할 예정이던 자리에 나오지 않아요.	欠勤	직장에 나오지 않는 말과 구별하여 수업이나 회의 등에 빠지는 것이다.	熱が出たので、今日の授業は[欠席/けっせき]します。	열이 나서 오늘 수업은 [결석]하겠습니다.	会議を[欠席/けっせき]した人にも、決まった内容を送っておいた。	회의에 [불참]한 사람들에게도 결정된 내용을 보내 두었다.
JLPTN3_287	문제를 깊이 연구함	새로운 사실이나 원리를 알아내려고 깊이 조사해요.	勉強	이미 알려진 것을 익히는 공부보다 문제를 깊이 파고들어 알아내는 데 초점이 있다.	姉は大学で、海の小さな生き物を[研究/けんきゅう]している。	누나는 대학에서 바다의 작은 생물을 [연구]하고 있다.	十年の[研究/けんきゅう]が、ようやく一冊の本になった。	10년간의 [연구]가 마침내 한 권의 책이 되었다.
JLPTN3_290	상태나 이상을 검사함	정해진 방법으로 이상 유무를 판정해요. 그냥 살피는 조사보다 기준이 뚜렷해요.	調査	정보를 폭넓게 알아보는 조사보다 일정한 기준과 절차로 이상이나 조건 충족 여부를 판정한다.	製品は出荷前に一つずつ[検査/けんさ]される。	제품은 출하 전에 하나씩 [검사]를 받는다.	明日は血液の[検査/けんさ]があるので、朝食は食べない。	내일은 혈액 [검사]가 있어서 아침은 먹지 않는다.
JLPTN3_293	건물이나 시설을 건설함	큰 건물이나 도로 같은 시설을 새로 만들어요.	建築	건물을 짓는 일뿐 아니라 도로나 다리 같은 기반 시설에도 쓴다.	川に新しい橋を[建設/けんせつ]する計画が決まった。	강에 새 다리를 [건설]할 계획이 확정되었다.	駅の[建設/けんせつ]が始まってから、この道は通れなくなった。	역 [건설]이 시작된 뒤로 이 길은 지나갈 수 없게 되었다.
JLPTN3_296	청중 앞에서 하는 강연	사람들 앞에서 한 주제에 대해 길게 이야기해요.	講義	정규 수업에서 체계적으로 가르치는 것보다 청중에게 주제 이야기를 들려주는 행사다.	作家の[講演/こうえん]を聞いて、もう一度小説を読みたくなった。	작가의 [강연]을 듣고 소설을 다시 읽고 싶어졌다.	午後の[講演/こうえん]は満席で、後ろに立つ人もいた。	오후 [강연]은 만석이라 뒤에 서 있는 사람도 있었다.
JLPTN3_299	상품 등을 알리는 광고	사람들에게 상품이나 서비스를 알리려고 내는 안내예요.	記事	정보를 보도하는 글과 달리 판매나 인지도 향상을 목적으로 알리는 것이다.	駅の[広告/こうこく]で、新しい美術館ができたことを知った。	역의 [광고]를 보고 새 미술관이 생겼다는 것을 알았다.	この雑誌は[広告/こうこく]が少ないので、記事に集中できる。	이 잡지는 [광고]가 적어서 기사에 집중할 수 있다.
JLPTN3_302	실제로 하는 행동	실제로 움직이거나 실천해요. 몸짓 하나보다 목적 있는 행동을 넓게 말해요.	動作	몸의 개별 움직임보다 목적을 가진 활동과 실천을 폭넓게 뜻한다.	言葉より、毎日の[行動/こうどう]を見て判断したい。	말보다 매일의 [행동]을 보고 판단하고 싶다.	迷子にならないよう、二人一組で[行動/こうどう]してください。	길을 잃지 않도록 두 명씩 짝을 지어 [행동]해 주세요.
JLPTN3_305	숨을 들이쉬고 내쉬는 호흡	공기를 몸 안으로 들이고 밖으로 내보내는 과정이에요.	息	한 번의 숨이나 내쉰 공기보다 들이쉬고 내쉬는 과정 전체에 초점이 있다.	緊張して[呼吸/こきゅう]が浅くなっていたので、ゆっくり息を吐いた。	긴장해서 [호흡]이 얕아져 있었기에 천천히 숨을 내쉬었다.	眠っている赤ちゃんの[呼吸/こきゅう]に合わせて、胸が小さく動く。	잠든 아기의 [호흡]에 맞춰 가슴이 작게 움직인다.
JLPTN3_308	한 사람인 개인	단체와 구별되는 한 사람을 가리켜요.	団体	여러 사람을 묶은 조직과 달리 구성원 한 사람을 단위로 한다.	ここでは団体客より[個人/こじん]の旅行者が多い。	이곳에는 단체 손님보다 [개인] 여행자가 많다.	会社の方針ではなく、私[個人/こじん]の意見です。	회사의 방침이 아니라 제 [개인] 의견입니다.
JLPTN3_311	맨 마지막 단계	여러 단계나 순서 중 끝에 오는 것이에요.	最新	가장 최근이라는 뜻과 달리 그 뒤 단계가 없는 마지막이다.	提出する前に、数字の[最終/さいしゅう]確認をお願いします。	제출하기 전에 숫자 [최종] 확인을 부탁드립니다.	[最終/さいしゅう]電車を逃し、駅前のホテルに泊まった。	[마지막] 전철을 놓쳐 역 앞 호텔에서 묵었다.
JLPTN3_314	경사진 비탈길	평평하지 않고 오르거나 내려가는 길이에요.	階段	계단 모양으로 나뉘지 않아도 높낮이가 이어지는 경사진 길이다.	この[坂道/さかみち]を上りきると、海が見える。	이 [비탈길]을 다 오르면 바다가 보인다.	自転車で急な[坂道/さかみち]を下るのは怖かった。	자전거로 가파른 [비탈길]을 내려가는 것은 무서웠다.
JLPTN3_317	잡지	여러 글과 사진을 모아 정기적으로 내는 간행물이에요.	新聞	당일 소식을 중심으로 하는 신문보다 일정한 분야의 기사들을 묶어 발행한다.	待合室の[雑誌/ざっし]に、近所のパン屋が載っていた。	대기실 [잡지]에 동네 빵집이 실려 있었다.	毎月買っていた[雑誌/ざっし]が休刊すると聞いて、寂しくなった。	매달 사던 [잡지]가 휴간한다는 말을 듣고 서운해졌다.
JLPTN3_320	의견에 동의함	다른 사람이 낸 의견이나 제안을 좋다고 받아들여요.	協力	실제로 힘을 보태는 행동과 달리 의견에 동의한다는 태도다.	日程を一週間延ばす案に、全員が[賛成/さんせい]した。	일정을 일주일 미루자는 안에 전원이 [찬성]했다.	理由を聞くまでは、[賛成/さんせい]とも反対とも言えない。	이유를 듣기 전에는 [찬성]이라고도 반대라고도 할 수 없다.
JLPTN3_323	활용할 수 있는 자원	생활이나 생산에 쓸 수 있는 물질과 힘을 말해요.	ごみ	버릴 물건처럼 보여도 다시 활용할 수 있는 재료라는 관점이다.	使い終わった紙も、分けて集めれば[資源/しげん]になる。	다 쓴 종이도 따로 모으면 [자원]이 된다.	水は限りある[資源/しげん]だから、出しっぱなしにしないで。	물은 한정된 [자원]이니 계속 틀어 놓지 마.
JLPTN3_326	자기 능력을 믿는 마음	자신이 해낼 수 있다고 믿는 마음이에요.	自慢	남에게 자기 장점을 내세우는 행동이 아니라 스스로 가진 믿음이다.	初めて一人で料理ができて、少し[自信/じしん]がついた。	처음으로 혼자 요리를 해내서 조금 [자신감]이 생겼다.	道案内には[自信/じしん]がないので、地図を見せますね。	길 안내에는 [자신]이 없어서 지도를 보여 드릴게요.
JLPTN3_329	떠나거나 시작할 채비	외출이나 식사 등을 앞두고 필요한 것을 갖춰요.	準備	폭넓은 준비와 겹치지만 옷차림이나 식사 등 일상적인 채비에 자주 쓴다.	朝寝坊したので、急いで出かける[支度/したく]をした。	늦잠을 자서 서둘러 외출 [채비]를 했다.	夕飯の[支度/したく]ができたよ。机の上を片づけて。	저녁 [준비]가 됐어. 탁자 위를 치워 줘.
JLPTN3_332	방법을 가르치고 이끎	상대가 잘할 수 있도록 방법과 방향을 알려 줘요.	命令	하라고 지시하는 것만이 아니라 익히고 나아가도록 가르친다.	泳ぎ方を丁寧に[指導/しどう]してもらい、初めて二十五メートル泳げた。	수영 방법을 세심하게 [지도]받아 처음으로 25미터를 헤엄쳤다.	新人の[指導/しどう]を任され、自分の説明の癖に気づいた。	신입 [지도]를 맡으며 내 설명의 버릇을 깨달았다.
JLPTN3_335	그 지역이나 자기 고장	이야기의 대상이 되는 곳에 사는 사람과 그 지역을 가리켜요.	故郷	태어난 고향에 한정하지 않고 현재 관련된 지역이나 현지도 뜻한다.	観光地より、[地元/じもと]の人が通う食堂に入りたい。	관광지보다 [현지] 사람이 다니는 식당에 들어가고 싶다.	帰省すると、必ず[地元/じもと]の商店街を歩く。	귀향하면 반드시 [고향] 상점가를 걷는다.
JLPTN3_338	차량이 막혀 밀림	차가 많거나 길이 막혀 이동이 원활하지 않아요.	混雑	사람이나 물건이 붐비는 넓은 상태 중에서도 도로의 차량 흐름이 막힌 상황이다.	事故による[渋滞/じゅうたい]で、バスが三十分遅れた。	사고로 인한 [정체]로 버스가 30분 늦었다.	朝の[渋滞/じゅうたい]を避けるため、六時に家を出た。	아침 [정체]를 피하려고 6시에 집을 나섰다.
JLPTN3_341	크기나 규모를 줄임	전체 크기나 활동 범위를 작게 해요. 수량이 줄어드는 현상과 구별해요.	減少	수량의 감소와 겹치지만 크기·규모·범위가 작아지는 변화에 초점을 둔다.	地図を半分に[縮小/しゅくしょう]して印刷したら、字が読めなくなった。	지도를 절반으로 [축소]해서 인쇄했더니 글자를 읽을 수 없게 되었다.	予算が減り、祭りの規模を[縮小/しゅくしょう]することになった。	예산이 줄어 축제 규모를 [축소]하게 되었다.
JLPTN3_344	자기 의견을 분명히 내세움	자신이 옳다고 생각하는 바를 상대에게 강하게 밝혀요.	説明	내용을 이해시키는 설명보다 자기 입장이나 판단을 내세운다.	彼は最後まで、自分は間違っていないと[主張/しゅちょう]した。	그는 끝까지 자신은 틀리지 않았다고 [주장]했다.	相手の[主張/しゅちょう]にも理由があるはずだから、まず聞こう。	상대의 [주장]에도 이유가 있을 테니 먼저 들어 보자.
JLPTN3_347	즐겨 하는 취미	일상에서 즐겨 하는 활동이에요. 관심이 생긴 것만을 뜻하지 않아요.	興味	관심이 끌리는 마음보다 즐겨서 지속적으로 하는 활동을 가리킨다.	退職してから、写真が父の新しい[趣味/しゅみ]になった。	퇴직한 뒤 사진이 아버지의 새로운 [취미]가 되었다.	同じ[趣味/しゅみ]の人と話すと、時間を忘れてしまう。	같은 [취미]를 가진 사람과 이야기하면 시간을 잊게 된다.
JLPTN3_350	물건을 사고파는 상업	상품을 거래하는 경제 활동이나 그 분야예요.	工業	물건을 생산하는 산업보다 사고파는 유통 활동에 초점이 있다.	港ができてから、この町の[商業/しょうぎょう]は盛んになった。	항구가 생긴 뒤 이 도시의 [상업]이 활발해졌다.	駅前の土地は、[商業/しょうぎょう]施設を建てるために買われた。	역 앞 땅은 [상업] 시설을 짓기 위해 매입되었다.
JLPTN3_353	손님으로 초대함	행사나 자기 집에 와 달라고 정식으로 권해요.	誘い	함께 하자고 권하는 넓은 말보다 손님으로 불러 대접하는 성격이 있다.	隣の家族を夕食に[招待/しょうたい]した。	옆집 가족을 저녁 식사에 [초대]했다.	結婚式の[招待/しょうたい]を受けたが、出張で行けない。	결혼식 [초대]를 받았지만 출장 때문에 갈 수 없다.
JLPTN3_356	판매하는 상품	가게에서 돈을 받고 팔기 위해 내놓은 물건이에요.	製品	만들어진 물건이라는 관점보다 판매 대상이라는 관점이다.	棚の[商品/しょうひん]に値札が付いていなかった。	진열대의 [상품]에 가격표가 붙어 있지 않았다.	注文した[商品/しょうひん]とは違う色が届いたので、店に連絡した。	주문한 [상품]과 다른 색이 도착해서 가게에 연락했다.
JLPTN3_359	바로 앞에서 마주하는 면	옆이나 뒤가 아니라 똑바로 마주한 앞쪽이에요.	前	넓게 앞쪽을 뜻하는 말보다 대상을 바로 마주하는 방향을 나타낸다.	写真は横からではなく、[正面/しょうめん]から撮ってください。	사진은 옆이 아니라 [정면]에서 찍어 주세요.	駅を出ると、[正面/しょうめん]に赤い時計台が見えた。	역을 나오자 [정면]에 빨간 시계탑이 보였다.
JLPTN3_362	판단이나 설명에 쓰는 자료	조사나 설명의 근거로 이용할 문서와 정보예요.	材料	음식이나 제품의 재료와 달리 조사와 판단에 쓰는 정보라는 뜻이다.	会議の[資料/しりょう]を忘れて、同僚に一部借りた。	회의 [자료]를 잊고 와서 동료에게 한 부 빌렸다.	昔の町を調べたいが、写真以外の[資料/しりょう]が少ない。	옛 마을을 조사하고 싶지만 사진 이외의 [자료]가 적다.
JLPTN3_365	능력이나 수준이 나아감	전보다 더 나은 수준에 도달해요. 개인 기술의 숙련뿐 아니라 학문에도 써요.	上達	기술이 능숙해지는 것보다 학문·사회 등의 발전을 넓게 말하며 개인의 향상에서는 뜻이 겹친다.	一か月前の録音と比べると、発音の[進歩/しんぽ]が分かる。	한 달 전 녹음과 비교하면 발음의 [향상]을 알 수 있다.	医学の[進歩/しんぽ]によって、治せる病気が増えた。	의학의 [진보] 덕분에 치료할 수 있는 질병이 늘었다.
JLPTN3_368	모래	아주 잘게 부서진 돌 알갱이로 이루어진 것이에요.	土	식물이 자라는 흙 전반과 달리 작은 돌 알갱이가 중심이다.	海から帰ると、靴の中に[砂/すな]がたまっていた。	바다에서 돌아오니 신발 안에 [모래]가 쌓여 있었다.	子どもたちは濡れた[砂/すな]で、小さな城を作った。	아이들은 젖은 [모래]로 작은 성을 만들었다.
JLPTN3_371	국가 등에 내는 세금	공공 비용을 위해 법에 따라 내는 돈이에요.	料金	개별 서비스의 대가와 달리 공공 재정을 위해 부과되는 돈이다.	給料から引かれる[税金/ぜいきん]の額を、初めてきちんと確かめた。	월급에서 빠지는 [세금] 액수를 처음으로 제대로 확인했다.	この橋の修理には、私たちの[税金/ぜいきん]が使われている。	이 다리 수리에는 우리의 [세금]이 쓰이고 있다.
JLPTN3_374	이상 없이 정상임	기능이나 상태가 정해진 범위 안에서 제대로 작동해요.	普通	흔하거나 평범하다는 뜻보다 이상이나 고장이 없음을 나타낸다.	点検の結果、エンジンは[正常/せいじょう]に動いていると分かった。	점검 결과 엔진이 [정상]적으로 작동한다는 것을 알았다.	検査の数値が[正常/せいじょう]の範囲に戻り、ほっとした。	검사 수치가 [정상] 범위로 돌아와 안심했다.
JLPTN3_377	석유	땅속에서 얻어 연료나 화학 제품의 원료로 쓰는 기름이에요.	石炭	검은 고체 연료와 달리 액체 상태의 자원이다.	[石油/せきゆ]の価格が上がり、運送会社の負担が増えた。	[석유] 가격이 올라 운송 회사의 부담이 늘었다.	この国は、使う[石油/せきゆ]の多くを輸入している。	이 나라는 사용하는 [석유]의 상당 부분을 수입하고 있다.
JLPTN3_380	널리 알려 홍보함	사람들의 관심을 얻으려고 장점이나 소식을 널리 알려요.	広告	광고라는 매체나 게시물보다 알리는 활동 전체를 가리키며 입소문도 포함한다.	新しい店を[宣伝/せんでん]するため、駅前でチラシを配った。	새 가게를 [홍보]하려고 역 앞에서 전단을 나누어 주었다.	友達が何人にも[宣伝/せんでん]してくれたおかげで、演奏会の席が埋まった。	친구가 여러 사람에게 [홍보]해 준 덕분에 연주회 자리가 찼다.
JLPTN3_383	정해진 시각보다 일찍 돌아감	학교나 직장에서 끝나는 시각 전에 먼저 나가요.	欠席	처음부터 참석하지 않는 것과 달리 참석했다가 일찍 돌아간다.	頭痛がひどくなり、午後の授業を受けずに[早退/そうたい]した。	두통이 심해져 오후 수업을 듣지 않고 [조퇴]했다.	子どもの迎えがあるので、今日は一時間[早退/そうたい]させてください。	아이를 데리러 가야 해서 오늘은 한 시간 [조퇴]하게 해 주세요.
JLPTN3_386	안쪽 맨 아래인 바닥	용기나 깊이가 있는 곳의 가장 아래 부분이에요.	床	사람이 서 있는 방바닥과 달리 용기나 물속의 가장 아랫부분이다.	かばんの[底/そこ]から、探していたイヤホンが出てきた。	가방 [바닥]에서 찾던 이어폰이 나왔다.	水が澄んでいて、池の[底/そこ]まで見える。	물이 맑아서 연못 [바닥]까지 보인다.
JLPTN3_389	여럿이 참가하는 대회	사람들이 모여 경기나 발표 등을 하는 큰 행사예요.	試合	하나의 경기보다 여러 참가자와 경기를 포함한 행사 전체다.	初めての[大会/たいかい]で三位に入り、家族が大喜びした。	첫 [대회]에서 3위에 들어 가족이 크게 기뻐했다.	雨のため、明日の水泳[大会/たいかい]は中止になった。	비 때문에 내일 수영 [대회]는 취소되었다.
JLPTN3_392	집에서 요리하는 부엌	집에서 음식을 만드는 공간이에요. 전문 조리 공간을 부르는 말과 겹쳐요.	厨房	뜻이 겹치지만 이 말은 가정의 부엌에 흔하고 비교어는 음식점 등의 전문 조리 공간에 자주 쓰인다.	夜中に[台所/だいどころ]から音がして、見に行くと猫がいた。	한밤중에 [부엌]에서 소리가 나서 보러 가니 고양이가 있었다.	新居は[台所/だいどころ]が広いので、二人で料理できる。	새집은 [부엌]이 넓어서 둘이 요리할 수 있다.
JLPTN3_395	자기 외의 다른 사람	자신이나 자기 가족이 아닌 남을 가리켜요.	他の人	중립적인 다른 사람이라는 표현보다 자신과의 거리감이 나타나기도 한다.	[他人/たにん]の日記を勝手に読むのはよくない。	[남]의 일기를 마음대로 읽는 것은 좋지 않다.	[他人/たにん]の評価ばかり気にして、好きな服も着られなかった。	[남]의 평가만 신경 써서 좋아하는 옷도 입지 못했다.
JLPTN3_398	정해진 시각보다 늦게 도착함	시작 시간이나 약속 시각을 지나서 도착해요.	遅れ	진행이 늦는 일반적인 현상보다 사람이 정해진 시각에 늦게 오는 일이다.	目覚ましが鳴らず、入社初日に[遅刻/ちこく]してしまった。	알람이 울리지 않아 입사 첫날에 [지각]하고 말았다.	[遅刻/ちこく]しそうなときは、分かった時点で連絡してね。	[지각]할 것 같을 때는 알게 된 시점에 연락해 줘.
JLPTN3_401	몸이나 기계의 작동 상태	평소처럼 잘 움직이고 기능하는지를 말해요.	気分	주관적인 기분보다 몸이나 기계가 제대로 기능하는 상태를 나타낸다.	パソコンの[調子/ちょうし]が悪く、保存するたびに止まる。	컴퓨터 [상태]가 나빠 저장할 때마다 멈춘다.	今日は足の[調子/ちょうし]がいいので、少し遠くまで歩こう。	오늘은 다리 [상태]가 좋아서 조금 멀리까지 걷자.
JLPTN3_404	중간을 거치지 않고 직접	다른 사람이나 전달 단계를 사이에 두지 않아요.	自分で	스스로 한다는 것보다 상대나 장소와 바로 연결되는 방식이다.	伝言ではなく、本人に[直接/ちょくせつ]話したい。	전언이 아니라 본인에게 [직접] 말하고 싶다.	空港からホテルへ[直接/ちょくせつ]向かったので、街はまだ見ていない。	공항에서 호텔로 [바로] 가서 시내는 아직 보지 못했다.
JLPTN3_407	시간이나 일정의 사정	누군가의 일정상 가능하거나 곤란한 형편이에요.	理由	원인을 설명하는 이유보다 약속이 가능한 개인의 상황을 나타낸다.	来週、[都合/つごう]のいい日を教えてください。	다음 주에 [시간]이 괜찮은 날을 알려 주세요.	急に[都合/つごう]が悪くなったので、予約を変更した。	갑자기 [사정]이 생겨 예약을 변경했다.
JLPTN3_410	방 위쪽의 천장	실내에서 고개를 들면 보이는 위쪽 면이에요.	屋根	건물 바깥의 지붕과 달리 방 안쪽에서 보이는 윗면이다.	[天井/てんじょう]の電球が切れたが、手が届かない。	[천장] 전구가 나갔는데 손이 닿지 않는다.	この部屋は[天井/てんじょう]が高くて、実際より広く感じる。	이 방은 [천장]이 높아서 실제보다 넓게 느껴진다.
JLPTN3_413	무대나 장면에 나타남	장면이나 무대에 모습을 드러내요. 단순 출현보다 보는 사람과 장면을 의식해요.	出現	모습이 나타나는 뜻이 겹치지만 무대나 이야기 속 인물의 등장은 이 말이 자연스럽다.	歌手が舞台に[登場/とうじょう]すると、会場が一気に明るくなった。	가수가 무대에 [등장]하자 공연장 분위기가 단번에 밝아졌다.	この小説では、探偵は第三章でやっと[登場/とうじょう]する。	이 소설에서는 탐정이 3장에서야 [등장]한다.
JLPTN3_416	배우자가 없는 독신	혼인 관계에 있는 배우자가 없는 상태예요.	一人暮らし	혼자 사는 주거 형태와 달리 결혼 상태에 관한 말이다.	兄は[独身/どくしん]だが、一人暮らしではなく両親と住んでいる。	형은 [독신]이지만 혼자 살지는 않고 부모님과 산다.	この寮は[独身/どくしん]の社員だけが利用できる。	이 기숙사는 [독신] 직원만 이용할 수 있다.
JLPTN3_419	산에 오르는 활동	산을 오르는 것을 목적으로 하는 활동이에요.	散歩	가볍게 걷는 활동보다 산을 오르는 목적과 준비가 중심이다.	初めての[登山/とざん]に備えて、丈夫な靴を買った。	첫 [등산]에 대비해 튼튼한 신발을 샀다.	[登山/とざん]の途中で天気が変わり、頂上を諦めて引き返した。	[등산] 도중 날씨가 바뀌어 정상을 포기하고 돌아왔다.
JLPTN3_422	남에게 알리지 않는 비밀	특정 사람에게 말하지 않고 숨겨 두는 일이에요.	秘密	비밀과 겹치며 일상 대화에서 누군가에게 알리지 말라는 요청에 자주 쓴다.	父への贈り物は、当日まで[内緒/ないしょ]にしてね。	아버지께 드릴 선물은 당일까지 [비밀]로 해 줘.	妹は母に[内緒/ないしょ]で、手紙の書き方を私に聞いた。	여동생은 엄마 [몰래] 편지 쓰는 법을 내게 물었다.
JLPTN3_425	물결이나 파도	물 표면이 출렁이며 밀려와요. 물 자체의 흐름과 구별해요.	流れ	물이 한 방향으로 흐르는 것과 물 표면의 높낮이가 변하며 전달되는 파동을 구별한다.	大きな[波/なみ]が来て、砂の城が消えた。	큰 [파도]가 밀려와 모래성이 사라졌다.	今日は[波/なみ]が高いので、船は出ないそうだ。	오늘은 [파도]가 높아서 배가 뜨지 않는다고 한다.
JLPTN3_428	사람이라는 존재	동물이나 기계와 구별해 사람을 하나의 존재로 보아요.	人	개별 사람을 가리키는 일반적인 말보다 사람의 본성이나 종 전체를 논할 때 잘 쓴다.	犬は[人間/にんげん]には聞こえない音にも反応する。	개는 [인간]에게 들리지 않는 소리에도 반응한다.	どんなに便利になっても、最後に判断するのは[人間/にんげん]だ。	아무리 편리해져도 마지막에 판단하는 것은 [인간]이다.
JLPTN3_431	일 년 내내	계절과 관계없이 한 해 동안 계속되는 모습이에요.	毎年	해마다 반복한다는 것과 달리 한 해 내내 이어짐을 나타낸다.	この島では[年中/ねんじゅう]、色とりどりの花が咲いている。	이 섬에서는 [일 년 내내] 알록달록한 꽃이 피어 있다.	駅前の店は[年中/ねんじゅう]休まず営業している。	역 앞 가게는 [연중] 쉬지 않고 영업한다.
JLPTN3_434	식물의 잎	줄기나 가지에 붙어 있는 납작한 부분이에요.	花	꽃이 피는 부분과 구별되는 식물의 잎이다.	水をやり忘れて、鉢植えの[葉/は]がしおれてしまった。	물 주는 것을 잊어서 화분의 [잎]이 시들어 버렸다.	赤くなった[葉/は]を一枚拾い、本に挟んだ。	빨갛게 물든 [잎]을 한 장 주워 책에 끼웠다.
JLPTN3_437	규모나 활동이 발전함	더 넓고 활발한 상태로 자라나는 변화예요.	進歩	능력이나 수준이 향상되는 것과 겹치지만 사회나 사업의 규모가 커지는 데도 쓴다.	鉄道が通ったことで、この町は大きく[発展/はってん]した。	철도가 놓인 덕분에 이 도시는 크게 [발전]했다.	地域の[発展/はってん]を願って、若い店主たちが祭りを始めた。	지역의 [발전]을 바라며 젊은 가게 주인들이 축제를 시작했다.
JLPTN3_440	물건을 판매함	손님에게 물건을 파는 활동이에요. 유통 중에서도 판매자 쪽에 초점을 둬요.	売買	파는 쪽과 사는 쪽을 함께 가리키는 거래보다 판매자의 행위를 중심으로 말한다.	このパンは、焼き上がってから一時間だけ[販売/はんばい]する。	이 빵은 구워진 뒤 한 시간 동안만 [판매]한다.	切符の[販売/はんばい]が始まる前から、長い列ができていた。	표 [판매]가 시작되기 전부터 긴 줄이 생겨 있었다.
JLPTN3_443	그렇지 않다고 부정함	상대의 말이나 사실 여부를 아니라고 해요.	反対	제안에 반대하는 태도와 달리 내용이 사실이거나 옳다는 점을 부인한다.	本人はうわさをはっきり[否定/ひてい]した。	본인은 소문을 분명히 [부정]했다.	何を言っても[否定/ひてい]されるので、相談するのをやめた。	무슨 말을 해도 [부정]당해서 상의하는 것을 그만뒀다.
JLPTN3_447	둘 이상의 여러 개	하나가 아니라 둘 이상인 수를 가리켜요.	多数	많다고 평가할 정도가 아니어도 둘 이상이면 해당한다.	[複数/ふくすう]の候補日を教えてもらえると助かります。	후보 날짜를 [여러 개] 알려 주시면 도움이 됩니다.	一つの原因では説明できず、[複数/ふくすう]の要因を調べることになった。	하나의 원인으로는 설명할 수 없어 [여러] 요인을 조사하게 되었다.
JLPTN3_450	물이 끓음	액체가 뜨거워져 속에서 기포가 계속 올라와요.	加熱	열을 가하는 과정 전체가 아니라 끓는점에 이르러 끓는 현상이다.	お湯が[沸騰/ふっとう]したら、麺を入れてください。	물이 [끓으면] 면을 넣어 주세요.	火が強すぎてスープが激しく[沸騰/ふっとう]し、ふたが揺れた。	불이 너무 세서 수프가 거세게 [끓어] 뚜껑이 흔들렸다.
JLPTN3_453	글로 이어 쓴 문장과 글	생각을 문장으로 엮어 쓴 글을 말해요.	文	문법적인 한 문장뿐 아니라 여러 문장으로 이루어진 글 전체도 가리킨다.	この[文章/ぶんしょう]は一文が長くて、途中で意味が分からなくなる。	이 [글]은 한 문장이 길어서 도중에 뜻을 알 수 없게 된다.	写真に短い[文章/ぶんしょう]を添えて、旅の記録を残した。	사진에 짧은 [글]을 덧붙여 여행 기록을 남겼다.
JLPTN3_456	이전과 달라짐	좋아지거나 나빠지는 평가 없이 전과 다른 상태가 되는 것을 말해요.	進歩	더 나아지는 경우에 한정하지 않고 모든 방향의 달라짐을 포함한다.	薬を変えて一週間たつが、まだ体調に[変化/へんか]はない。	약을 바꾼 지 일주일이 지났지만 아직 몸 상태에 [변화]는 없다.	季節による森の[変化/へんか]を、同じ場所から撮り続けた。	계절에 따른 숲의 [변화]를 같은 장소에서 계속 찍었다.
JLPTN3_459	일을 하는 방법	어떻게 하면 되는지 실행 방식을 떠올려요.	手段	목적 달성을 위해 쓰는 수단보다 구체적인 진행 방식까지 폭넓게 뜻한다.	道具がないなら、別の[方法/ほうほう]を考えよう。	도구가 없다면 다른 [방법]을 생각하자.	切符の買い方は分かったが、変更の[方法/ほうほう]が分からない。	표 사는 법은 알았지만 변경 [방법]은 모르겠다.
JLPTN3_462	참가자나 지원자를 모음	자리를 마련하고 원하는 사람이 신청하도록 알려요.	採用	지원자를 받아들이기로 결정하는 것보다 먼저 널리 지원을 받는 단계다.	図書館で、読み聞かせのボランティアを[募集/ぼしゅう]している。	도서관에서 책 읽어 주기 봉사자를 [모집]하고 있다.	定員に達したため、参加者の[募集/ぼしゅう]は昨日で締め切った。	정원에 도달해서 참가자 [모집]은 어제로 마감했다.
JLPTN3_465	부족함 없이 흡족함	기대나 필요가 채워져 이만하면 좋다고 느껴요.	納得	이유를 이해해 받아들이는 것과 달리 기대가 채워진 흡족함이다.	量は少なかったが、味には十分[満足/まんぞく]した。	양은 적었지만 맛에는 충분히 [만족]했다.	客が[満足/まんぞく]して帰れるよう、最後まで丁寧に対応した。	손님이 [만족]하고 돌아갈 수 있도록 끝까지 정성껏 응대했다.
JLPTN3_468	앞으로 올 미래	아직 오지 않은 시간과 세상의 모습을 떠올려요.	将来	개인의 앞으로의 진로나 전망에 자주 쓰는 말과 겹치지만 더 넓은 시간적 미래에도 쓴다.	この映画は、百年後の[未来/みらい]を描いている。	이 영화는 100년 후의 [미래]를 그리고 있다.	子どもたちにどんな[未来/みらい]を残せるか、真剣に考えたい。	아이들에게 어떤 [미래]를 남길 수 있을지 진지하게 생각하고 싶다.
JLPTN3_471	선발을 위한 면접	지원자를 직접 만나 질문하고 판단하는 자리예요.	面談	서로 만나 상의하는 일반적인 면담보다 채용이나 입학의 평가 목적이 두드러진다.	[面接/めんせつ]で志望理由を聞かれ、用意した言葉が飛んでしまった。	[면접]에서 지원 동기를 묻자 준비한 말이 생각나지 않았다.	書類に通ったので、来週は最終[面接/めんせつ]だ。	서류에 합격했으니 다음 주는 최종 [면접]이다.
JLPTN3_474	글을 이루는 문자	소리나 뜻을 적는 기호 하나하나를 말해요.	文章	내용이 이어진 글 전체가 아니라 그 글을 이루는 낱글자다.	画面の[文字/もじ]が小さすぎて、眼鏡をかけても読めない。	화면의 [글자]가 너무 작아서 안경을 써도 읽을 수 없다.	子どもは自分の名前の[文字/もじ]だけ先に覚えた。	아이는 자기 이름의 [글자]만 먼저 익혔다.
JLPTN3_477	건물 위를 덮는 지붕	비나 햇빛을 막는 건물 바깥 위쪽 부분이에요.	天井	방 안의 윗면이 아니라 건물 외부를 덮는 부분이다.	雪の重みで、古い小屋の[屋根/やね]が壊れた。	눈의 무게로 오래된 오두막 [지붕]이 망가졌다.	赤い[屋根/やね]の家が見えたら、次の角を右へ曲がって。	빨간 [지붕] 집이 보이면 다음 모퉁이에서 오른쪽으로 돌아.
JLPTN3_480	외국에서 물건을 들여옴	국외에서 사들여 자기 나라 안으로 가져오는 거래예요.	仕入れ	국내외를 가리지 않는 매입과 달리 외국에서 들여오는 경우다.	この店は、イタリアからチーズを直接[輸入/ゆにゅう]している。	이 가게는 이탈리아에서 치즈를 직접 [수입]하고 있다.	小麦の[輸入/ゆにゅう]が止まると、パンの値段にも影響が出る。	밀 [수입]이 멈추면 빵 가격에도 영향이 생긴다.
JLPTN3_483	표면에 묻은 때	물건에 묻어 깨끗하지 않게 만드는 얼룩이나 때예요.	傷	손상된 자국과 달리 표면에 묻은 오염이다. 닦거나 씻어 제거하려 하지만 잘 지워지지 않는 때도 있다.	襟の[汚れ/よごれ]が、普通に洗うだけでは落ちない。	옷깃의 [때]가 보통으로 세탁하는 것만으로는 빠지지 않는다.	眼鏡の[汚れ/よごれ]を拭いたら、部屋が明るく見えた。	안경의 [얼룩]을 닦으니 방이 밝아 보였다.
JLPTN3_486	문제가 생기기 전에 막음	아직 생기지 않은 병이나 문제에 미리 대비해요.	治療	병이 생긴 뒤 고치는 것과 달리 발생 자체를 미리 막는다.	風邪の[予防/よぼう]のため、帰宅したら手を洗っている。	감기 [예방]을 위해 귀가하면 손을 씻는다.	事故の[予防/よぼう]には、危ない場所を先に見つけることも大切だ。	사고 [예방]에는 위험한 곳을 미리 찾는 것도 중요하다.
JLPTN3_489	휴일이 잇달아 이어짐	하루 쉬고 끝나는 것이 아니라 쉬는 날이 계속 붙어 있어요.	休日	개별적으로 쉬는 날이 아니라 둘 이상의 휴일이 이어진 기간이다.	今度の[連休/れんきゅう]は、久しぶりに実家へ帰る。	이번 [연휴]에는 오랜만에 본가에 돌아간다.	三日間の[連休/れんきゅう]だったのに、片づけだけで終わってしまった。	사흘 [연휴]였는데 정리만 하다가 끝나 버렸다.
JLPTN3_494	갑작스럽게	변화가 천천히가 아니라 짧은 사이에 일어나요.	突然	예고 없는 사건에 초점을 두는 말과 겹치지만 상태가 빠르게 달라지는 데도 쓴다.	夕方から[急に/きゅうに]寒くなったので、窓を閉めた。	저녁부터 [갑자기] 추워져서 창문을 닫았다.	[急に/きゅうに]立ち上がったら、目の前が暗くなった。	[갑자기] 일어났더니 눈앞이 캄캄해졌다.
JLPTN3_498	어느 정도, 조금	전혀 없는 것은 아니지만 정도가 크다고 단정하지 않아요.	少し	적은 정도를 뜻하는 말과 겹치며 다소간의 차이나 영향을 인정하는 데 자주 쓴다.	色は写真と[多少/たしょう]違うが、気に入っている。	색은 사진과 [다소] 다르지만 마음에 든다.	[多少/たしょう]高くても、長く使える靴を選びたい。	[조금] 비싸더라도 오래 신을 수 있는 신발을 고르고 싶다.
handmade_2	어려움에서 벗어나도록 돕다	위험에서 구하거나 어려운 처지를 덜어 주어요. 단순히 일손을 보태는 도움도 포함할 수 있어요.	手伝う	일의 일부를 거드는 말과 겹치지만 위험에서 구하거나 어려운 처지를 덜어 주는 뜻에도 널리 쓴다.	川に落ちた犬を、近所の人が[助けた/たすけた]。	강에 빠진 개를 이웃이 [구했다].	困ったときに[助けて/たすけて]くれたことは忘れない。	어려울 때 [도와]준 것은 잊지 않겠다.
handmade_5	지금보다 먼 옛날	오래 지나 현재와 거리가 느껴지는 때를 떠올려요.	以前	지금보다 앞선 때 전반보다 오래전이라는 느낌이 강하다.	[昔/むかし]、この場所には小さな映画館があった。	[옛날] 이곳에는 작은 영화관이 있었다.	祖母は[昔/むかし]の暮らしを、写真を見ながら話してくれた。	할머니는 사진을 보며 [옛날] 생활 이야기를 해 주셨다.
handmade_8	소중하게 여기는 보물	값이 비싸지 않아도 자신에게 특별히 소중한 물건이에요.	貴重品	경제적 가치나 중요성 때문에 관리하는 물건보다 개인의 애착도 담는다.	娘が初めてくれた手紙は、私の[宝物/たからもの]だ。	딸이 처음 준 편지는 나의 [보물]이다.	引っ越しの箱には入れず、[宝物/たからもの]だけは自分で運んだ。	이삿짐 상자에 넣지 않고 [보물]만은 직접 옮겼다.
handmade_11	깊이나 정도를 헤아릴 수 없다	겉으로 드러난 것만으로는 어디까지인지 짐작되지 않을 만큼 깊어요.	深い	단순히 깊다는 정도를 넘어 그 한계를 알 수 없다는 인상을 준다.	誰も住まない家の暗い窓を見て、[底知れない/そこしれない]恐怖を感じた。	아무도 살지 않는 집의 어두운 창을 보고 [끝을 알 수 없는] 공포를 느꼈다.	何度失敗しても立ち上がる彼には、[底知れない/そこしれない]力がある。	몇 번 실패해도 일어나는 그에게는 [헤아릴 수 없는] 힘이 있다.
handmade_14	물이 섞인 진흙	흙이 물을 머금어 질척거리는 상태예요.	土	마른 흙도 포함하는 말과 달리 물기가 많아 질척한 흙이다.	雨上がりの道で、靴が[泥/どろ]だらけになった。	비 갠 뒤 길에서 신발이 [진흙]투성이가 되었다.	犬が庭を掘って、鼻の先に[泥/どろ]をつけて戻ってきた。	개가 마당을 파다가 코끝에 [진흙]을 묻히고 돌아왔다.
handmade_17	정성스럽고 꼼꼼하게	작은 부분까지 소홀히 하지 않고 조심스럽게 다루어요.	ゆっくり	속도가 느리다는 것보다 주의를 기울여 거칠지 않게 하는 태도다.	古い写真を一枚ずつ[丁寧に/ていねいに]拭いた。	오래된 사진을 한 장씩 [정성껏] 닦았다.	名前は急いで書かず、[丁寧に/ていねいに]お願いします。	이름은 서둘러 쓰지 말고 [정성껏] 부탁드립니다.
handmade_20	바라던 일을 포기하다	이루기 어렵다고 판단해서 더 하지 않기로 해요.	やめる	그만두는 모든 행동보다 목표나 기대를 내려놓는 마음이 담긴다.	満席だと聞いて[諦めた/あきらめた]が、直前に一席空いた。	만석이라는 말을 듣고 [포기했지만] 직전에 한 자리가 났다.	一度断られただけで、夢を[諦めないで/あきらめないで]。	한 번 거절당했다고 꿈을 [포기하지 마].
handmade_23	수염	입 주위나 턱에 자라는 털이에요.	髪	머리 위의 털과 달리 입과 턱 주변에 나는 털이다.	父は[髭/ひげ]をそったら、急に若く見えた。	아버지는 [수염]을 깎자 갑자기 젊어 보였다.	スープを飲んだ後、[髭/ひげ]に何かついているよ。	수프를 마신 뒤 [수염]에 뭔가 묻어 있어.
handmade_26	거센 비바람인 폭풍	바람과 비 등이 거세게 몰아치는 날씨예요.	台風	특정 기상 현상의 이름보다 거센 비바람을 일반적으로 뜻한다.	[嵐/あらし]が去った朝、庭には折れた枝が散らばっていた。	[폭풍]이 지나간 아침 정원에는 부러진 가지가 흩어져 있었다.	今夜は[嵐/あらし]になるらしい。窓をしっかり閉めよう。	오늘 밤은 [폭풍]이 온다고 해. 창문을 단단히 닫자.
handmade_29	남쪽	동서남북의 한 방향이에요. 특정 대상의 남쪽 면보다 방위 자체를 말해요.	南側	특정 물체나 지역의 남쪽 면을 말하는 표현과 달리 방위 자체를 가리킨다.	鳥の群れが[南/みなみ]へ飛んでいった。	새 떼가 [남쪽]으로 날아갔다.	部屋の窓が[南/みなみ]を向いているので、冬も明るい。	방 창문이 [남쪽]을 향하고 있어서 겨울에도 밝다.
handmade_32	오늘 아침	말하고 있는 바로 그날의 아침이에요.	朝	일반적인 아침이 아니라 오늘이라는 날짜가 포함된다.	[今朝/けさ]、庭で今年初めての霜を見た。	[오늘 아침] 정원에서 올해 첫 서리를 봤다.	そのメールなら、[今朝/けさ]もう返事を送りました。	그 이메일이라면 [오늘 아침] 이미 답장을 보냈습니다.
handmade_35	눈동자	눈 가운데 빛을 받아들이는 부분을 떠올려요.	目	눈 전체보다 가운데 부분을 가리키며 문학적으로 눈빛도 표현한다.	暗い場所では、猫の[瞳/ひとみ]が丸く大きく見える。	어두운 곳에서는 고양이 [눈동자]가 둥글고 크게 보인다.	赤ちゃんの[瞳/ひとみ]に、窓の光が映っていた。	아기의 [눈동자]에 창문의 빛이 비치고 있었다.
handmade_38	수도꼭지	돌리거나 들어 올려 수돗물을 조절하는 부분이에요.	水道	물 공급 시설 전체와 달리 물이 나오는 조절 부품이다.	[蛇口/じゃぐち]を閉めても、水が一滴ずつ落ちる。	[수도꼭지]를 잠가도 물이 한 방울씩 떨어진다.	手が泡だらけなので、肘で[蛇口/じゃぐち]を押し上げた。	손이 거품투성이여서 팔꿈치로 [수도꼭지]를 밀어 올렸다.
handmade_41	기차나 전철이 서는 역	철도 차량에 타고 내리는 시설이에요.	停留所	버스나 노면전차의 정류장보다 기차와 전철의 승하차 시설을 가리킨다.	[駅/えき]に着いたとたん、電車が出てしまった。	[역]에 도착하자마자 전철이 떠나 버렸다.	待ち合わせは店ではなく、[駅/えき]の改札前にしよう。	만나는 곳은 가게가 아니라 [역] 개찰구 앞으로 하자.
handmade_44	학교 등에서 하는 수업	교사가 학습자에게 가르치는 정해진 시간이에요.	勉強	혼자 공부하는 경우까지 포함하지 않고 가르침이 이루어지는 수업이다.	今日の[授業/じゅぎょう]では、実際に植物を外で観察した。	오늘 [수업]에서는 실제로 밖에서 식물을 관찰했다.	[授業/じゅぎょう]が終わったら、この問題を先生に聞きに行こう。	[수업]이 끝나면 이 문제를 선생님께 여쭤보러 가자.
handmade_47	전화	떨어져 있는 사람과 목소리로 통화하는 수단이에요.	通話	통화 행위뿐 아니라 전화 기기나 연락 수단도 가리킨다.	料理中に[電話/でんわ]が鳴り、火を止めてから出た。	요리 중에 [전화]가 울려 불을 끄고 받았다.	文字では説明しにくいので、[電話/でんわ]で話しませんか。	글로는 설명하기 어려우니 [전화]로 이야기하지 않을래요?
handmade_50	지식을 익히는 공부	학교 과목이나 필요한 지식을 배워 익혀요.	研究	새 원리나 사실을 밝혀내는 것보다 학습하여 지식을 얻는 활동이다.	試験が終わっても、日本語の[勉強/べんきょう]は続けたい。	시험이 끝나도 일본어 [공부]는 계속하고 싶다.	弟に数学を教えるうちに、自分にもいい[勉強/べんきょう]になった。	남동생에게 수학을 가르치다 보니 나에게도 좋은 [공부]가 되었다.
handmade_53	아기	태어난 지 오래되지 않은 아주 어린아이예요.	子ども	어린이 전반보다 훨씬 어린 영아를 가리킨다.	隣の[赤ちゃん/あかちゃん]が、今日初めて私に笑ってくれた。	옆집 [아기]가 오늘 처음으로 나를 보며 웃어 주었다.	[赤ちゃん/あかちゃん]を起こさないよう、ドアを静かに閉めた。	[아기]를 깨우지 않도록 문을 조용히 닫았다.
handmade_56	정해진 곳에 넣다	물건이 들어갈 자리에 알맞게 넣어 보관해요.	入れる	일반적으로 안에 넣는 것보다 정해진 공간이나 알맞은 자리에 수납한다는 느낌이다.	使い終わった包丁を、専用の箱に[収めた/おさめた]。	다 쓴 식칼을 전용 상자에 [넣었다].	この本を一つの棚に[収める/おさめる]には、並べ方を変える必要がある。	이 책들을 한 선반에 [넣으려면] 배열을 바꿀 필요가 있다.
handmade_59	자동차	도로에서 사람이나 짐을 싣고 달리는 차예요.	自転車	일상에서 이 말만 쓰면 대체로 자동차를 뜻하며 페달로 움직이는 자전거와 구별한다.	雨が強いから、今日は[車/くるま]で迎えに行くよ。	비가 많이 오니 오늘은 [자동차]로 데리러 갈게.	家の前に知らない[車/くるま]が止まっていた。	집 앞에 모르는 [차]가 서 있었다.
handmade_62	경기에 참가하는 선수	운동 경기에서 실력을 겨루는 사람이에요.	選手団	선수 여러 명으로 구성된 집단이 아니라 개인 선수도 가리킨다.	けがをした[選手/せんしゅ]に、観客が大きな拍手を送った。	다친 [선수]에게 관중이 큰 박수를 보냈다.	あの[選手/せんしゅ]は、試合の後も一人で練習している。	저 [선수]는 경기가 끝난 뒤에도 혼자 연습하고 있다.
handmade_65	가장자리나 테두리	납작한 물건이나 공간의 끝을 따라 이어진 부분이에요.	角	두 면이나 선이 만나는 뾰족한 모서리보다 둘레를 이루는 가장자리다.	帽子の[縁/へり]をつかんで、風で飛ばされないようにした。	모자 [가장자리]를 잡고 바람에 날리지 않게 했다.	池の[縁/へり]に腰を下ろし、泳ぐ魚を眺めた。	연못 [가장자리]에 걸터앉아 헤엄치는 물고기를 바라보았다.
handmade_68	치료에 쓰는 침	천을 꿰매는 것이 아니라 몸에 놓는 가는 의료용 도구예요.	針	바늘 전반과 구별하여 침 치료에 사용하는 바늘이라는 표기다.	肩の治療で、初めて[鍼/はり]を受けた。	어깨 치료를 위해 처음으로 [침]을 맞았다.	先生は使い終わった[鍼/はり]を専用の容器に捨てた。	선생님은 다 쓴 [침]을 전용 용기에 버렸다.
handmade_71	말로 전하는 이야기	경험이나 생각을 말로 나누는 내용을 뜻해요.	物語	구성이 있는 서사 작품에 한정하지 않고 일상 대화 내용도 가리킨다.	祖父の旅の[話/はなし]を聞いて、私も船に乗りたくなった。	할아버지의 여행 [이야기]를 듣고 나도 배를 타고 싶어졌다.	その[話/はなし]、途中だったね。続きを聞かせて。	그 [이야기], 하다 말았지. 계속 들려줘.
handmade_74	일이 끝난 뒤 나온 결과	행동이나 과정 뒤에 무엇이 되었는지를 말해요.	成果	긍정적인 성취에 한정하지 않고 나쁜 결과도 포함한다.	[結果/けっか]は残念だったが、準備した時間は無駄ではない。	[결과]는 아쉬웠지만 준비한 시간은 헛되지 않다.	抽選の[結果/けっか]が気になって、何度もメールを確認した。	추첨 [결과]가 궁금해서 여러 번 이메일을 확인했다.
handmade_77	동물	식물과 구별되는 생물 무리를 말해요.	生き物	식물까지 포함하는 생물 전반보다 좁은 분류다.	この島には、人を怖がらない[動物/どうぶつ]が多い。	이 섬에는 사람을 무서워하지 않는 [동물]이 많다.	[動物/どうぶつ]を飼う前に、最後まで世話できるか考えよう。	[동물]을 기르기 전에 끝까지 돌볼 수 있을지 생각하자.
handmade_80	소리를 듣는 귀	소리를 듣는 몸의 기관이에요.	耳元	귀 가까이의 공간이 아니라 귀라는 몸의 부분이다.	大きな音がして、思わず[耳/みみ]をふさいだ。	큰 소리가 나서 나도 모르게 [귀]를 막았다.	寒い朝は、帽子で[耳/みみ]まで隠して出かける。	추운 아침에는 모자로 [귀]까지 가리고 외출한다.
handmade_83	집안의 이전 세대인 조상	자기보다 앞서 살아온 혈연상의 윗세대예요.	祖父	할아버지 한 세대보다 훨씬 앞선 여러 세대까지 포함한다.	古い記録を調べて、[先祖/せんぞ]がこの村に住んでいたと知った。	옛 기록을 조사하여 [조상]이 이 마을에 살았다는 것을 알았다.	お盆には家族で[先祖/せんぞ]の墓を掃除する。	오봉에는 가족이 함께 [조상]의 묘를 청소한다.
handmade_86	자기 자신	다른 사람이 아닌 당사자 본인을 가리켜요.	私	말하는 나로 고정되지 않고 문맥 속 당사자 자신을 가리킬 수 있다.	これは[自分/じぶん]で決めたことだから、最後までやる。	이것은 [스스로] 결정한 일이니 끝까지 하겠다.	子どもたちは[自分/じぶん]の名前を書いてから、絵を描き始めた。	아이들은 [자기] 이름을 쓰고 나서 그림을 그리기 시작했다.
handmade_89	아픔을 줄이는 진통제	통증을 가라앉히려고 사용하는 약이에요.	解熱剤	열을 낮추는 목적과 달리 아픔을 줄이는 목적이다. 같은 약이 두 작용을 할 수도 있다.	歯医者で[痛み止め/いたみどめ]をもらい、飲み方を確認した。	치과에서 [진통제]를 받고 복용법을 확인했다.	[痛み止め/いたみどめ]が効いて、ようやく少し眠れた。	[진통제]가 들어서 겨우 조금 잘 수 있었다.
handmade_92	건물을 덮는 지붕	건물 밖에서 비바람을 막는 맨 위의 덮개예요.	天井	실내에서 보이는 윗면과 달리 바깥을 덮어 비를 막는다.	雨が[屋根/やね]をたたく音で、夜中に目が覚めた。	빗방울이 [지붕]을 두드리는 소리에 한밤중에 눈을 떴다.	職人が[屋根/やね]に上って、ずれた瓦を直している。	기술자가 [지붕]에 올라가 어긋난 기와를 고치고 있다.
handmade_95	상황이나 조건이 가혹하다	견디거나 해내기에 만만치 않은 조건을 말해요.	難しい	해결 난도가 높다는 것과 겹치지만 생활이나 기후의 압박에도 쓴다.	今年の冬は寒さが[厳しくて/きびしくて]、水道まで凍った。	올겨울은 추위가 [심해서] 수도까지 얼었다.	この予算で全員分を用意するのは[厳しい/きびしい]ですね。	이 예산으로 모두의 몫을 준비하기는 [빠듯하겠네요].
handmade_98	몸에서 나는 땀	덥거나 운동할 때 피부에서 배어 나오는 물기예요.	水	외부에서 묻은 물이 아니라 몸이 내보낸 수분이다.	坂を上りきるころには、背中が[汗/あせ]でびっしょりだった。	언덕을 다 오를 무렵에는 등이 [땀]으로 흠뻑 젖어 있었다.	緊張のせいか、冷たい[汗/あせ]が手のひらににじんだ。	긴장한 탓인지 손바닥에 식은[땀]이 배어 나왔다.
handmade_101	문제가 된 사건	사회적으로 주목되거나 문제를 일으킨 일이에요.	事故	우연한 사고에 한정하지 않고 범죄나 분쟁 같은 일도 가리킨다.	近所で起きた[事件/じけん]について、警察が聞き込みをしていた。	동네에서 일어난 [사건]에 대해 경찰이 탐문하고 있었다.	あの[事件/じけん]以来、店では夜に必ず二人で働いている。	그 [사건] 이후 가게에서는 밤에 반드시 두 명이 함께 일한다.
handmade_104	의견을 나누는 회의	관계자들이 모여 문제를 논의하거나 결정하는 자리예요.	会話	일상적인 대화와 달리 의제와 목적을 가진 모임이다.	[会議/かいぎ]が長引いて、昼食を食べる時間がなくなった。	[회의]가 길어져 점심 먹을 시간이 없어졌다.	明日の[会議/かいぎ]では、まず新しい日程を決めよう。	내일 [회의]에서는 먼저 새 일정을 정하자.
handmade_107	책이나 글을 쓴 저자	지금 이야기하는 글을 직접 쓴 사람이에요.	作家	직업으로 글을 쓰는 사람 전반보다 특정 책이나 글을 쓴 사람을 가리킨다.	この本の[著者/ちょしゃ]は、実際に南極で暮らしたことがある。	이 책의 [저자]는 실제로 남극에서 살아 본 적이 있다.	巻末に[著者/ちょしゃ]の連絡先があり、感想を送った。	권말에 [저자]의 연락처가 있어서 감상을 보냈다.
handmade_110	귓가	귀 바로 가까이의 공간을 가리켜요.	耳	귀 자체가 아니라 말소리나 숨결이 닿는 귀 주변이다.	友達が[耳元/みみもと]で小さく「おめでとう」と言った。	친구가 [귓가]에서 작게 “축하해”라고 말했다.	[耳元/みみもと]で蚊の音がして、眠れなくなった。	[귓가]에서 모기 소리가 나서 잠을 잘 수 없게 되었다.
handmade_113	거리가 멀다	두 지점 사이를 가는 데 거리가 많이 떨어져 있어요.	長い	길이 자체가 길다는 것보다 기준 지점에서 떨어진 거리를 나타낸다.	駅から[遠い/とおい]が、この家は庭が広くて気に入った。	역에서 [멀지만] 이 집은 정원이 넓어서 마음에 들었다.	海が思ったより[遠くて/とおくて]、着く前に日が暮れた。	바다가 생각보다 [멀어서] 도착하기 전에 날이 저물었다.
handmade_116	도구나 수단을 사용하다	목적을 이루는 데 물건이나 수단을 이용해요.	利用する	시설이나 기회를 활용한다는 말과 겹치지만 일상 도구에 가장 폭넓게 쓴다.	このはさみは紙だけに[使って/つかって]ね。	이 가위는 종이에만 [사용해] 줘.	父が昔[使っていた/つかっていた]机を、今は私が大切にしている。	아버지가 옛날에 [쓰시던] 책상을 지금은 내가 소중히 여기고 있다.
handmade_119	자기 집이나 본래 곳으로 돌아가다	머무는 집이나 원래 생활하던 곳으로 향해요.	戻る	직전에 있던 아무 장소로 되돌아가는 것보다 집이나 본거지로 돌아가는 뜻이다.	今日は寄り道せずに家へ[帰ろう/かえろう]。	오늘은 딴 데 들르지 말고 집으로 [돌아가자].	父が[帰ってくる/かえってくる]まで、ケーキは切らずに待った。	아버지가 [돌아오실] 때까지 케이크를 자르지 않고 기다렸다.
handmade_122	한 주 안의 요일	월요일부터 일요일 가운데 어느 날인지를 말해요.	日付	몇 월 며칠인지가 아니라 주 안에서의 요일을 나타낸다.	休みが続いて、今日の[曜日/ようび]が分からなくなった。	휴일이 이어져 오늘 [요일]을 알 수 없게 되었다.	ごみを出す[曜日/ようび]は、種類によって違う。	쓰레기를 내놓는 [요일]은 종류에 따라 다르다.
handmade_125	대학 과정 이수로 받는 학위	대학 등에서 정해진 학업을 마쳤음을 나타내는 자격이에요.	資格	일반 자격증과 달리 대학의 학사·석사·박사 같은 학업 성취를 뜻한다.	働きながら大学院に通い、五年かけて[学位/がくい]を取った。	일하면서 대학원에 다녀 5년에 걸쳐 [학위]를 받았다.	応募書類には、持っている[学位/がくい]も記入してください。	지원 서류에는 보유한 [학위]도 기입해 주세요.
handmade_128	묶는 데 쓰는 끈	물건을 묶거나 매는 가늘고 긴 것이에요.	糸	바느질에 쓰는 가는 실보다 묶거나 매는 용도의 끈이다.	箱に[紐/ひも]をかけて、持ち運びやすくした。	상자에 [끈]을 둘러 옮기기 쉽게 했다.	靴の[紐/ひも]がほどけているよ。踏まないうちに結んで。	신발 [끈]이 풀려 있어. 밟기 전에 묶어.
handmade_131	종이	글을 쓰거나 포장할 때 쓰는 얇은 재료예요.	書類	내용이 적힌 문서가 아니라 재료 자체를 가리킨다.	裏が白い[紙/かみ]を集めて、メモ帳を作った。	뒷면이 흰 [종이]를 모아 메모장을 만들었다.	この[紙/かみ]は水に弱いので、濡れた手で触らないで。	이 [종이]는 물에 약하니 젖은 손으로 만지지 마.
handmade_134	기회나 대상을 놓치다	잡거나 이용할 수 있었던 것을 붙잡지 못해요.	逃がす	일부러 달아나게 하는 뜻보다 잡을 기회를 잃는 데 초점이 있다.	迷っている間に、安い切符を買う機会を[逃した/のがした]。	망설이는 사이에 싼 표를 살 기회를 [놓쳤다].	今度こそ決定的な瞬間を[逃さない/のがさない]よう、カメラを構えた。	이번에야말로 결정적인 순간을 [놓치지 않도록] 카메라를 들었다.
handmade_137	정도가 대단히 크다	신뢰나 영향력이 매우 크다는 힘 있는 표현이에요.	大きい	단순히 크다고 하는 것보다 신뢰나 효과 등의 정도를 강하게 강조한다.	長年の働きぶりから、彼女への信頼は[絶大だ/ぜつだいだ]。	오랜 세월 일해 온 모습 때문에 그녀에 대한 신뢰는 [대단히 크다].	その歌手は、若い世代から[絶大な/ぜつだいな]支持を集めている。	그 가수는 젊은 세대로부터 [압도적인] 지지를 받고 있다.
handmade_140	차가 다니는 도로	차량 이동을 위해 마련한 길이에요.	道	산길이나 인생의 길까지 포함하는 넓은 말보다 차량이 다니는 시설로서의 길이다.	工事で[道路/どうろ]が狭くなり、車が一列に並んでいた。	공사로 [도로]가 좁아져 차들이 한 줄로 늘어서 있었다.	ボールが転がっても、[道路/どうろ]に飛び出してはいけない。	공이 굴러가도 [도로]로 뛰어나가면 안 된다.
handmade_143	무게가 가볍다	들거나 옮길 때 힘이 많이 들지 않는 무게예요.	薄い	두께가 작다는 뜻과 달리 무게가 적다는 뜻이다.	この傘は[軽い/かるい]ので、毎日かばんに入れている。	이 우산은 [가벼워서] 매일 가방에 넣어 다닌다.	中身を出したら、箱は驚くほど[軽くなった/かるくなった]。	내용물을 꺼내니 상자가 놀랄 만큼 [가벼워졌다].
handmade_146	음식을 놓고 먹는 식탁	식사할 음식과 그릇을 올려놓는 탁자예요.	机	공부나 일을 하는 책상보다 식사를 위한 탁자다.	[食卓/しょくたく]の真ん中に、焼きたてのパンを置いた。	[식탁] 한가운데에 갓 구운 빵을 놓았다.	久しぶりに家族全員で[食卓/しょくたく]を囲んだ。	오랜만에 온 가족이 [식탁]에 둘러앉았다.
handmade_149	뾰족한 것으로 찌르다	날카로운 끝을 안으로 밀어 넣어요.	刺さる	뾰족한 것이 박히는 변화와 누군가 대상을 찌르는 동작을 구별한다.	焼けた芋に竹串を[刺して/さして]、中まで柔らかいか確かめた。	익은 고구마에 대나무 꼬치를 [찔러] 속까지 부드러운지 확인했다.	針で指を[刺してしまった/さしてしまった]ので、縫い物をいったん止めた。	바늘로 손가락을 [찔러 버려서] 바느질을 잠시 멈췄다.
handmade_152	자신의 아내	자기 배우자인 여성을 남에게 말할 때 쓰기 좋아요.	奥さん	상대의 아내를 높이거나 친근하게 부르는 말과 달리 자신의 아내를 중립적으로 가리킨다.	[妻/つま]とは、同じ料理教室で知り合いました。	[아내]와는 같은 요리 교실에서 만났습니다.	今日は[妻/つま]が遅くなるので、私が夕飯を作る。	오늘은 [아내]가 늦으니 내가 저녁을 만든다.
AbsoluteVerb_1	잠자리에 들어 자다	몸을 눕혀 잠을 자거나 자려고 해요.	眠る	잠든 상태 자체보다 잠자리에 드는 행동에도 자연스럽게 쓴다.	明日は早いから、今日はもう[寝よう/ねよう]。	내일은 일찍 일어나야 하니 오늘은 이제 [자자].	昨日は九時間も[寝た/ねた]のに、まだ眠い。	어제는 아홉 시간이나 [잤는데도] 아직 졸리다.
AbsoluteVerb_4	잠에서 깨다	잠들었던 의식이 깨어나는 변화예요.	起きる	침대에서 몸을 일으키지 않아도 잠만 깨면 쓸 수 있다.	鳥の声で目が[覚めた/さめた]が、しばらく布団にいた。	새소리에 잠이 [깼지만] 한동안 이불 속에 있었다.	目が[覚める/さめる]と、車はもう海沿いを走っていた。	잠이 [깨자] 차는 이미 바닷가를 달리고 있었다.
AbsoluteVerb_7	펼친 물건을 접다	다 쓰고 난 것을 작게 접어 정리해요.	折る	한 번 구부리는 동작보다 보관하거나 정리하려고 작게 접는 뜻이다.	電車に乗る前に、ベビーカーを[畳んだ/たたんだ]。	전철에 타기 전에 유모차를 [접었다].	雨がやんだので、傘を[畳んで/たたんで]空を見上げた。	비가 그쳐서 우산을 [접고] 하늘을 올려다보았다.
AbsoluteVerb_10	문질러 윤이 나게 닦다	표면을 반복해서 문질러 깨끗하고 빛나게 해요.	拭く	천으로 물기나 때를 닦는 것보다 표면을 문질러 윤을 내는 동작이다.	明日の式に履く靴を、念入りに[磨いた/みがいた]。	내일 행사에 신을 구두를 꼼꼼히 [닦았다].	銀のスプーンは[磨く/みがく]と、見違えるほど明るくなった。	은 숟가락은 [닦으니] 몰라볼 정도로 밝아졌다.
AbsoluteVerb_13	날이 밝다	밤이 끝나고 아침이 되는 변화예요.	明るくなる	조명 때문에 밝아지는 것까지 포함하지 않고 밤이 끝나는 시간 변화를 말한다.	夜が[明ける/あける]前に出発したので、道はまだ暗かった。	날이 [밝기] 전에 출발해서 길은 아직 어두웠다.	話し込んでいるうちに、すっかり夜が[明けていた/あけていた]。	이야기에 빠져 있는 사이에 날이 완전히 [밝아 있었다].
AbsoluteVerb_16	바람이 불다	공기가 한 방향으로 움직이며 바람을 만들어요.	吹かす	누군가 바람을 일으키는 쪽이 아니라 바람 자체가 부는 경우다.	窓を開けると、涼しい風が[吹いてきた/ふいてきた]。	창문을 여니 시원한 바람이 [불어왔다].	強い風が[吹く/ふく]日は、この橋を渡るのが怖い。	센 바람이 [부는] 날은 이 다리를 건너기가 무섭다.
AbsoluteVerb_19	얼어 단단해지다	수분이 차가워져 얼음처럼 굳어요.	冷える	차가워지는 정도를 넘어 액체가 고체로 변한다.	湖が[凍った/こおった]ので、岸のボートは動かせない。	호수가 [얼어서] 기슭의 배를 움직일 수 없다.	濡れたタオルを外に置いたら、朝には[凍っていた/こおっていた]。	젖은 수건을 밖에 놓았더니 아침에는 [얼어 있었다].
AbsoluteVerb_22	찬란하게 빛나다	보는 사람의 눈을 끄는 강하고 아름다운 빛이에요.	光る	빛이 난다는 일반적인 사실보다 찬란하고 인상적인 모습을 강조한다.	夕日に照らされて、海が金色に[輝いていた/かがやいていた]。	석양을 받아 바다가 금빛으로 [빛나고 있었다].	箱を開けると、小さな宝石がまぶしく[輝いた/かがやいた]。	상자를 열자 작은 보석이 눈부시게 [빛났다].
AbsoluteVerb_25	틈으로 새다	안에 있어야 할 물이나 빛 등이 틈으로 밖에 나와요.	漏らす	누군가 흘리거나 새게 하는 행동이 아니라 내용물이 밖으로 나온다.	水筒からお茶が[漏れて/もれて]、ノートが濡れた。	물병에서 차가 [새서] 공책이 젖었다.	カーテンの隙間から光が[漏れている/もれている]。まだ起きているようだ。	커튼 틈으로 빛이 [새고 있다]. 아직 깨어 있는 모양이다.
AbsoluteVerb_28	좋지 않은 일을 당하다	원하지 않은 사고나 재난에 맞닥뜨려요.	会う	사람을 만나는 중립적 만남과 달리 재난이나 피해를 겪는 경우에 쓰는 표기다.	旅先で盗難に[遭った/あった]が、パスポートは無事だった。	여행지에서 도난을 [당했지만] 여권은 무사했다.	突然の雨に[遭って/あって]、近くの店へ駆け込んだ。	갑작스러운 비를 [만나] 근처 가게로 뛰어들었다.
AbsoluteVerb_31	소리를 듣다	말이나 음악이 귀로 들어와 그 내용을 받아들여요.	聞こえる	소리가 들리는 상태와 듣는 사람이 소리를 받아들이는 행위를 구별한다.	父の昔話を[聞きながら/ききながら]、古い写真を整理した。	아버지의 옛이야기를 [들으며] 오래된 사진을 정리했다.	説明を最後まで[聞いて/きいて]から、質問してください。	설명을 끝까지 [듣고] 질문해 주세요.
AbsoluteVerb_34	음료를 마시다	액체를 입으로 받아 삼켜요.	食べる	씹어 먹는 음식보다 액체를 삼키는 행동이다.	喉が渇いて、水を一気に[飲んだ/のんだ]。	목이 말라 물을 단숨에 [마셨다].	そのお茶は熱いから、ゆっくり[飲んで/のんで]ね。	그 차는 뜨거우니 천천히 [마셔].
AbsoluteVerb_37	글을 읽다	적힌 글자를 따라가며 내용을 이해해요.	見る	눈으로 보는 행동보다 글의 의미를 받아들이는 활동이다.	返事を書く前に、手紙をもう一度[読んだ/よんだ]。	답장을 쓰기 전에 편지를 다시 한번 [읽었다].	この小説は続きが気になって、夜中まで[読んでしまった/よんでしまった]。	이 소설은 다음 내용이 궁금해서 한밤중까지 [읽고 말았다].
AbsoluteVerb_40	웃다	우습거나 즐거워서 웃는 표정이나 소리를 내요.	微笑む	입가에 조용히 미소 짓는 것보다 소리를 내는 웃음까지 넓게 포함한다.	弟の変な顔を見て、思わず[笑った/わらった]。	남동생의 우스운 얼굴을 보고 나도 모르게 [웃었다].	写真の二人は、何がそんなにおかしかったのか大きく[笑っている/わらっている]。	사진 속 두 사람은 무엇이 그리 우스웠는지 크게 [웃고 있다].
AbsoluteVerb_43	가볍게 뛰어오르다	바닥이나 수면에서 순간적으로 몸이 위로 튀어요.	跳ぶ	점프 전반보다 짧고 탄력 있게 튀어 오르는 느낌이 있다.	池の魚が[跳ねて/はねて]、水面に輪が広がった。	연못의 물고기가 [뛰어올라] 수면에 동그라미가 퍼졌다.	子犬はおもちゃを見ると、何度もその場で[跳ねた/はねた]。	강아지는 장난감을 보자 몇 번이나 그 자리에서 [뛰어올랐다].
AbsoluteVerb_46	던지다	손에 든 물건에 힘을 주어 날려 보내요.	落とす	아래로 떨어뜨리는 것과 달리 방향을 향해 힘을 주어 보낸다.	犬に向かってボールを軽く[投げた/なげた]。	개를 향해 공을 가볍게 [던졌다].	割れるかもしれないから、荷物を[投げないで/なげないで]ください。	깨질지도 모르니 짐을 [던지지 말아] 주세요.
AbsoluteVerb_49	주관적으로 생각하다	내 마음속에 떠오른 판단이나 느낌을 말해요.	考える	순서를 따져 깊이 사고하는 것보다 의견이나 느낌을 나타낼 때 널리 쓴다.	この色のほうが似合うと[思う/おもう]よ。	이 색이 더 잘 어울린다고 [생각해].	簡単だと[思っていた/おもっていた]が、実際に作ると難しかった。	쉽다고 [생각하고 있었지만] 실제로 만들어 보니 어려웠다.
AbsoluteVerb_52	믿을 수 있는지 의심하다	겉으로 주어진 말이나 사실을 곧바로 믿지 않아요.	怪しむ	사람이나 행동을 수상히 여기는 것과 겹치지만 주장과 수치의 정확성도 의심할 수 있다.	あまりに良い成績で、先生は採点ミスを[疑った/うたがった]。	성적이 너무 좋아서 선생님은 채점 실수를 [의심했다].	証拠もないのに友達を[疑う/うたがう]のは嫌だった。	증거도 없는데 친구를 [의심하기는] 싫었다.
AbsoluteVerb_55	사실이나 사람을 믿다	진실하거나 믿을 만하다고 받아들여요.	頼る	도움을 얻으려고 의지하는 것보다 사실성과 신뢰를 받아들이는 마음이다.	写真を見るまで、あんな大きな魚がいるとは[信じられなかった/しんじられなかった]。	사진을 보기 전까지 그렇게 큰 물고기가 있다는 것을 [믿을 수 없었다].	約束は守るよ。私を[信じて/しんじて]待っていて。	약속은 지킬게. 나를 [믿고] 기다려 줘.
AbsoluteVerb_58	감각이나 마음으로 느끼다	몸이나 마음에 와닿는 느낌을 받아들여요.	思う	판단이나 의견을 세우는 것보다 직접 와닿는 감각과 정서에 초점이 있다.	誰もいない教室に入ると、少し寂しさを[感じた/かんじた]。	아무도 없는 교실에 들어서자 조금 쓸쓸함을 [느꼈다].	この椅子に座ると、腰に痛みを[感じる/かんじる]。	이 의자에 앉으면 허리에 통증을 [느낀다].
AbsoluteVerb_61	말을 하거나 수다를 떨다	격식 없이 입으로 말을 이어 가는 모습이에요.	話す	중립적인 말하기보다 구어적이며 수다스럽게 말을 이어 가는 느낌도 있다.	久しぶりに会った友達と、閉店まで[しゃべった/しゃべった]。	오랜만에 만난 친구와 문 닫을 때까지 [수다를 떨었다].	口に食べ物を入れたまま[しゃべらないで/しゃべらないで]。	입에 음식을 넣은 채 [말하지 마].
AbsoluteVerb_64	의견이나 생각을 진술하다	공적인 자리나 글에서 생각을 차분히 밝혀요.	しゃべる	편하게 수다 떠는 것보다 정리한 의견을 격식 있게 말하는 표현이다.	代表として、お礼の言葉を[述べた/のべた]。	대표로서 감사의 말을 [전했다].	結論だけでなく、その理由も[述べて/のべて]ください。	결론뿐 아니라 그 이유도 [말해] 주세요.
AbsoluteVerb_67	말을 더듬다	말이 매끄럽게 이어지지 않고 같은 소리에서 막혀요.	噛む	한순간 발음을 잘못하는 것과 달리 소리를 반복하거나 말이 막히는 양상이다.	緊張して少し[どもった/どもった]が、最後まで発表できた。	긴장해서 조금 [말을 더듬었지만] 끝까지 발표할 수 있었다.	彼が[どもっても/どもっても]、途中で言葉を奪わずに待っていた。	그가 [말을 더듬어도] 도중에 말을 가로채지 않고 기다렸다.
AbsoluteVerb_70	말을 멈추고 입을 다물다	소리를 내어 말하지 않는 상태가 되어요.	静まる	주변 전체가 조용해지는 것과 달리 사람의 말이 멈추는 데 초점이 있다.	先生が入ってくると、みんな急に[黙った/だまった]。	선생님이 들어오자 모두 갑자기 [입을 다물었다].	何も言いたくないなら、[黙っていて/だまっていて]もいいよ。	아무 말도 하고 싶지 않으면 [말없이 있어도] 돼.
AbsoluteVerb_73	붙여 달다	다른 물건에 부착해서 떨어지지 않게 해요.	着ける	몸에 착용하는 표기와 구별하여 물건에 무언가를 붙이거나 단다.	旅行かばんに名前の札を[付けた/つけた]。	여행 가방에 이름표를 [달았다].	この箱にもリボンを[付けて/つけて]もらえますか。	이 상자에도 리본을 [달아] 주실 수 있나요?
AbsoluteVerb_76	닫힌 것을 열다	문이나 뚜껑을 움직여 안팎이 통하게 해요.	開く	대상 자체가 열리는 것과 달리 사람이 열어 주는 행동이다.	両手がふさがっているから、ドアを[開けて/あけて]くれる？	양손이 다 차 있어서 그런데 문을 [열어] 줄래?	箱を[開けた/あけた]瞬間、花の香りがした。	상자를 [연] 순간 꽃향기가 났다.
AbsoluteVerb_79	열려 있던 것이 닫히다	문이나 창이 움직여 통로가 막히는 변화예요.	閉める	사람이 문을 닫는 행동이 아니라 문 자체가 닫히는 변화다.	電車のドアが[閉まる/しまる]直前に、忘れ物に気づいた。	전철 문이 [닫히기] 직전에 놓고 온 물건이 생각났다.	風で窓が[閉まって/しまって]、部屋が急に静かになった。	바람에 창문이 [닫혀] 방이 갑자기 조용해졌다.
AbsoluteVerb_82	밀거나 누르다	대상에 힘을 주어 앞쪽이나 안쪽으로 움직여요.	引く	자기 쪽으로 당기는 방향과 달리 대상을 밀어낸다.	この扉は引かずに[押して/おして]ください。	이 문은 당기지 말고 [밀어] 주세요.	赤いボタンを[押した/おした]のに、何も起こらなかった。	빨간 버튼을 [눌렀는데도] 아무 일도 일어나지 않았다.
AbsoluteVerb_85	움직이지 않게 눌러 잡다	대상이 들뜨거나 흔들리지 않도록 압력을 주어요.	押す	한 번 밀거나 누르는 동작보다 자리를 유지하도록 계속 눌러 잡는다.	風で飛ばないよう、紙の端を手で[押さえた/おさえた]。	바람에 날리지 않도록 종이 끝을 손으로 [눌러 잡았다].	板を切る間、こちら側を[押さえて/おさえて]いてくれる？	판자를 자르는 동안 이쪽을 [눌러 잡고] 있어 줄래?
AbsoluteVerb_88	손으로 움켜잡다	손가락에 힘을 주어 놓치지 않게 잡아요. 잡아 소유하는 상태보다 순간 동작이 중심이에요.	握る	손 안에 쥐는 것과 겹치지만 팔이나 물체를 붙잡아 놓치지 않는 동작에도 잘 쓴다.	転びそうになって、友達の腕を[掴んだ/つかんだ]。	넘어질 것 같아서 친구의 팔을 [붙잡았다].	濡れた手では、細いロープをしっかり[掴めない/つかめない]。	젖은 손으로는 가는 밧줄을 단단히 [잡을 수 없다].
AbsoluteVerb_91	끈으로 묶다	끈을 둘러 움직이거나 풀리지 않게 해요.	結ぶ	매듭을 만들거나 이어 주는 일반적인 동작보다 물체를 감아 고정하는 데 초점이 있다.	新聞をまとめて[縛り/しばり]、玄関に置いた。	신문을 모아 [묶고] 현관에 놓았다.	枝が折れないよう、支柱に緩く[縛って/しばって]おこう。	가지가 부러지지 않도록 지지대에 느슨하게 [묶어] 두자.
AbsoluteVerb_94	손이나 도구로 두드리다	표면에 짧게 힘을 가해 치는 동작이에요.	殴る	세게 주먹으로 때리는 것보다 가볍게 두드리는 행동도 널리 포함한다.	返事がないので、ドアをもう一度[叩いた/たたいた]。	대답이 없어서 문을 다시 한번 [두드렸다].	友達が背中を軽く[叩いて/たたいて]、頑張れと言ってくれた。	친구가 등을 가볍게 [두드리며] 힘내라고 말해 주었다.
AbsoluteVerb_97	표면에 바르다	액체나 크림 등을 표면에 펴서 묻혀요.	付ける	조금 묻히거나 붙이는 넓은 동작보다 표면에 재료를 고르게 펴 바르는 데 초점이 있다.	パンにバターを[塗って/ぬって]から、少し焼いた。	빵에 버터를 [바르고] 조금 구웠다.	壁を白く[塗った/ぬった]ら、部屋全体が明るく見えた。	벽을 하얗게 [칠했더니] 방 전체가 밝아 보였다.
AbsoluteVerb_100	옷자락 등을 걷어 올리다	아래로 내려온 천을 위로 접어 올려요.	脱ぐ	옷을 몸에서 완전히 벗는 것이 아니라 일부만 걷어 올린다.	手を洗う前に、袖を[捲った/まくった]。	손을 씻기 전에 소매를 [걷어 올렸다].	浅い川を渡るため、ズボンの裾を膝まで[捲って/まくって]おいた。	얕은 강을 건너려고 바짓단을 무릎까지 [걷어 올려] 두었다.
AbsoluteVerb_103	어떤 곳에 놓다	물건을 자리 잡게 내려놓아요.	入れる	안으로 넣는 경우에 한정하지 않고 표면이나 장소에 둔다.	鍵はいつも玄関の皿に[置いている/おいている]。	열쇠는 늘 현관의 접시에 [놓아두고 있다].	熱い鍋を直接テーブルに[置かないで/おかないで]。	뜨거운 냄비를 탁자에 바로 [놓지 마].
AbsoluteVerb_106	앉다	의자나 바닥에 엉덩이를 대고 몸을 쉬어요.	腰掛ける	의자에 걸터앉는 것뿐 아니라 바닥에 앉는 행동도 포함한다.	疲れたので、木の下に[座った/すわった]。	피곤해서 나무 아래에 [앉았다].	ここは予約席です。隣に[座って/すわって]いただけますか。	여기는 예약석입니다. 옆에 [앉아] 주시겠어요?
AbsoluteVerb_109	몸을 눕히다	잠들지 않더라도 몸을 가로로 눕혀 쉬어요.	寝る	잠을 자는 의미가 중심이 아니며 누운 자세가 되는 것을 분명히 나타낸다.	少し気分が悪いので、ソファで[横になった/よこになった]。	조금 속이 안 좋아서 소파에 [누웠다].	眠れなくても、十分ほど[横になって/よこになって]休もう。	잠이 안 와도 10분쯤 [누워서] 쉬자.
AbsoluteVerb_112	발로 밟다	발을 물체 위에 대고 무게를 실어요.	歩く	이동 자체보다 발바닥이 특정 물체를 누르는 동작이다.	電車の中で隣の人の足を[踏んでしまった/ふんでしまった]。	전철 안에서 옆 사람의 발을 [밟고 말았다].	芝生を[踏まないで/ふまないで]、石の道を歩いてください。	잔디를 [밟지 말고] 돌길로 걸어 주세요.
AbsoluteVerb_115	즐거움을 누리다	활동이나 경험에서 기쁨을 얻으며 지내요.	喜ぶ	좋은 일에 기뻐하는 반응보다 즐거운 경험을 누리는 행동이다.	雨の日は、家で読書を[楽しむ/たのしむ]ことにした。	비 오는 날에는 집에서 독서를 [즐기기로] 했다.	点数を気にせず、今日は演奏そのものを[楽しもう/たのしもう]。	점수에 신경 쓰지 말고 오늘은 연주 그 자체를 [즐기자].
AbsoluteVerb_118	깊이 미워하다	상대나 일에 대해 강한 미움이 있어요.	嫌う	싫어하거나 피하는 정도보다 강하고 깊은 미움을 나타낸다.	裏切った相手を[憎んでいた/にくんでいた]が、今は忘れて暮らしたい。	배신한 상대를 [미워하고 있었지만] 이제는 잊고 살고 싶다.	人を[憎む/にくむ]ことに、これ以上時間を使いたくない。	사람을 [미워하는] 데 더는 시간을 쓰고 싶지 않다.
AbsoluteVerb_121	잘못한 상대를 원망하다	자신에게 해를 주거나 실망시킨 사람에게 섭섭한 마음을 품어요.	憎む	일반적인 강한 미움보다 자신이 당한 일에 대한 원망이 중심이다.	助けてくれなかった兄を、長い間[恨んでいた/うらんでいた]。	도와주지 않았던 형을 오랫동안 [원망하고 있었다].	私を[恨まないで/うらまないで]。決めたのはあなた自身でしょう。	나를 [원망하지 마]. 결정한 건 너 자신이잖아.
AbsoluteVerb_124	뜻밖이라 깜짝 놀라다	예상 못 한 일에 순간적으로 마음이나 몸이 놀라요.	驚く	의미가 겹치며 일상 대화에서 순간적인 놀람을 생생하게 나타낸다.	後ろから急に名前を呼ばれて、[びっくりした/びっくりした]。	뒤에서 갑자기 이름을 불러 [깜짝 놀랐다].	そんな値段だとは知らず、会計で[びっくりしてしまった/びっくりしてしまった]。	그런 가격인 줄 몰라 계산할 때 [깜짝 놀라고 말았다].
AbsoluteVerb_127	반복으로 싫증 나다	같은 활동이나 대상에 대한 흥미가 줄어들어요.	疲れる	에너지 부족보다 반복 경험으로 관심이 사라지는 상태다.	同じ曲ばかり練習して、少し[飽きてきた/あきてきた]。	같은 곡만 연습해서 조금 [싫증이 나기 시작했다].	何度見ても[飽きない/あきない]映画が、一本だけある。	몇 번을 봐도 [질리지 않는] 영화가 딱 한 편 있다.
AbsoluteVerb_130	잘못을 꾸짖다	상대가 잘못을 고치도록 엄하게 말해요.	怒る	자신이 화난 감정만이 아니라 상대의 잘못을 지적하고 타이르는 행위다.	道路へ飛び出した子を、父は厳しく[叱った/しかった]。	도로로 뛰어나간 아이를 아버지는 엄하게 [꾸짖었다].	事情を聞く前に[叱らないで/しからないで]ほしい。	사정을 듣기 전에 [꾸짖지 않았으면] 좋겠다.
AbsoluteVerb_133	친한 사람에게 응석을 부리다	상대가 받아 줄 것을 기대하고 어리광이나 의존을 보여요.	頼る	도움을 의지하는 것보다 가까운 관계의 관대함을 기대하는 느낌이다.	弟は祖母に[甘えて/あまえて]、抱っこをねだった。	남동생은 할머니에게 [응석을 부리며] 안아 달라고 졸랐다.	普段しっかりしている姉も、母の前では[甘える/あまえる]ことがある。	평소 야무진 언니도 엄마 앞에서는 [응석을 부릴] 때가 있다.
AbsoluteVerb_136	장난으로 놀리다	상대의 반응을 보려고 장난 섞인 말이나 행동을 해요.	いじめる	지속적으로 괴롭히는 것과 구별되지만 놀리는 행동도 상대에게 상처가 될 수 있다.	新しい髪型を友達に[からかわれて/からかわれて]、少し腹が立った。	새 머리 모양을 친구에게 [놀림받아서] 조금 화가 났다.	本気で困っているんだから、[からかわないで/からかわないで]よ。	정말 곤란해하고 있으니까 [놀리지 마].
AbsoluteVerb_139	날카롭게 노려보다	불만이나 경계심을 담아 상대를 날카롭게 봐요.	見つめる	가만히 바라보는 것보다 적대감이나 강한 압박이 느껴지는 시선이다.	大声で話す客を、隣の人が[睨んだ/にらんだ]。	큰 소리로 말하는 손님을 옆 사람이 [노려보았다].	そんなに[睨まないで/にらまないで]。わざとじゃないんだ。	그렇게 [노려보지 마]. 일부러 그런 게 아니야.
AbsoluteVerb_142	고통으로 괴로워하다	아픔이나 어려움을 견디며 힘들어해요.	苦しめる	누군가에게 고통을 주는 것이 아니라 당사자가 고통을 겪는다.	友人は長い間、腰の痛みに[苦しんでいた/くるしんでいた]。	친구는 오랫동안 허리 통증으로 [괴로워하고 있었다].	一人で[苦しまず/くるしまず]、誰かに事情を話してみて。	혼자 [괴로워하지 말고] 누군가에게 사정을 말해 봐.
AbsoluteVerb_145	당황하여 허둥대다	뜻밖의 일에 침착함을 잃고 서둘러 움직여요.	急ぐ	의도적으로 속도를 높이는 것보다 당황하여 행동이 흐트러지는 느낌이다.	財布が見つからず、[慌てて/あわてて]かばんをひっくり返した。	지갑이 보이지 않아 [허둥대며] 가방을 뒤집었다.	まだ十分あるから、そんなに[慌てなくても/あわてなくても]大丈夫。	아직 10분 있으니까 그렇게 [허둥대지 않아도] 괜찮아.
AbsoluteVerb_148	마음이 조급해지다	시간이나 결과가 뜻대로 되지 않아 마음이 급해요.	慌てる	갑작스러운 사건으로 허둥대기보다 시간이 부족하거나 뒤처진다는 압박이 중심이다.	時計を見るたびに[焦って/あせって]、簡単な計算まで間違えた。	시계를 볼 때마다 [초조해져서] 쉬운 계산까지 틀렸다.	周りと比べて[焦らなくても/あせらなくても]いい。自分の速さで進もう。	주변과 비교하며 [조급해하지 않아도] 돼. 자기 속도로 나아가자.
AbsoluteVerb_151	남의 도움에 의지하다	혼자 해결하기 어려운 일을 다른 힘에 기대어요.	頼む	한 번 부탁하는 행동보다 도움을 받을 곳으로 의지한다는 뜻이다.	知らない土地では、地元の人の知識に[頼った/たよった]。	낯선 곳에서는 현지 사람들의 지식에 [의지했다].	いつまでも親に[頼る/たよる]わけにはいかないと思い、仕事を探し始めた。	언제까지나 부모님께 [의지할] 수는 없다고 생각해 일을 찾기 시작했다.
AbsoluteVerb_154	필요한 것을 요구하다	상대에게 필요한 행동이나 내용을 제시해 달라고 해요.	頼む	친근하게 부탁하는 말보다 공식적으로 필요한 것을 요청하는 문맥에도 잘 쓴다.	住民は市に、道路の安全対策を[求めた/もとめた]。	주민들은 시에 도로 안전 대책을 [요구했다].	詳しい説明を[求める/もとめる]メールを送ったが、まだ返事はない。	자세한 설명을 [요청하는] 이메일을 보냈지만 아직 답은 없다.
AbsoluteVerb_157	슬픔을 달래 위로하다	실망하거나 슬픈 사람 곁에서 마음을 덜 아프게 해요.	励ます	기운을 내어 앞으로 나아가게 하는 것보다 상처 입은 마음을 달랜다.	猫を亡くした妹を、どう[慰めれば/なぐさめれば]いいか分からなかった。	고양이를 떠나보낸 여동생을 어떻게 [위로하면] 좋을지 몰랐다.	友達は何も聞かず、温かい言葉で私を[慰めてくれた/なぐさめてくれた]。	친구는 아무것도 묻지 않고 따뜻한 말로 나를 [위로해 주었다].
AbsoluteVerb_160	마음속에 생각을 품다	희망이나 의문 같은 생각을 마음 안에 가지게 돼요.	抱える	문제나 부담을 떠안는 것과 달리 생각과 감정을 마음속에 품는 용법이다.	子どものころから、宇宙への憧れを[抱いていた/いだいていた]。	어릴 때부터 우주에 대한 동경을 [품고 있었다].	その説明に疑問を[抱いた/いだいた]のは、私だけではなかった。	그 설명에 의문을 [품은] 사람은 나만이 아니었다.
AbsoluteVerb_163	새로운 것을 낳다	어떤 일의 결과로 새로운 상황이나 것이 생기게 해요.	産む	출산에 쓰는 표기와 구별하여 이익이나 변화 같은 결과를 만들어 내는 용법이다.	小さな誤解が、大きな争いを[生んだ/うんだ]。	작은 오해가 큰 다툼을 [낳았다].	この出会いが新しい仕事を[生む/うむ]とは、そのときは思わなかった。	이 만남이 새 일을 [낳으리라고는] 그때는 생각하지 못했다.
AbsoluteVerb_166	집을 두고 살다	어디에 거처를 정해 생활하는지를 말해요.	暮らす	생활 방식 전반보다 거주하는 장소에 초점이 있다.	駅の近くに[住んでいる/すんでいる]ので、通勤は楽だ。	역 근처에 [살고 있어서] 출퇴근이 편하다.	いつか海の見える家に[住みたい/すみたい]。	언젠가 바다가 보이는 집에 [살고 싶다].
AbsoluteVerb_169	생물이 자라다	돌봄이나 시간이 쌓여 몸이나 크기가 커져요.	育てる	기르는 사람의 행동이 아니라 생물 자체가 자라는 변화다.	庭の木が大きく[育って/そだって]、二階の窓に届いた。	정원의 나무가 크게 [자라서] 2층 창문에 닿았다.	この犬は、三匹の猫と一緒に[育った/そだった]。	이 개는 고양이 세 마리와 함께 [자랐다].
AbsoluteVerb_172	사람이 세상을 떠나다	사람의 죽음을 직접적인 말보다 완곡하게 전해요.	死ぬ	뜻은 죽음이지만 사람에 대해 더 완곡하고 배려 있게 말하는 표현이다.	祖父は私が十歳のときに[亡くなった/なくなった]。	할아버지는 내가 열 살 때 [돌아가셨다].	先生が[亡くなった/なくなった]と聞き、昔の手紙を読み返した。	선생님이 [돌아가셨다는] 말을 듣고 옛 편지를 다시 읽었다.
AbsoluteVerb_175	초목이 무성해지다	잎과 가지가 빽빽하게 자라 공간을 덮어요.	育つ	성장 일반보다 잎과 가지가 많아지고 무성해지는 모습이다.	庭の草が[茂って/しげって]、小道が見えなくなった。	정원의 풀이 [우거져서] 작은 길이 보이지 않게 되었다.	葉がよく[茂る/しげる]木の下は、夏でも涼しい。	잎이 잘 [우거지는] 나무 아래는 여름에도 시원하다.
AbsoluteVerb_178	싹을 틔우다	씨앗이나 식물이 작은 싹을 내보내요. 싹 자체를 주어로 하는 말과 달라요.	芽が出る	싹이 나오는 현상을 말하는 표현과 달리 씨앗이나 식물을 주체로 한다.	まいた豆が、三日で[芽を出した/めをだした]。	뿌린 콩이 사흘 만에 [싹을 틔웠다].	春になると、この球根もきっと[芽を出す/めをだす]よ。	봄이 되면 이 구근도 틀림없이 [싹을 틔울] 거야.
AbsoluteVerb_181	부풀었던 것이 오그라들다	공기나 수분이 빠지면서 크기와 팽팽함이 줄어요.	枯れる	식물이 죽어 마르는 것뿐 아니라 꽃이 오므라들거나 풍선이 줄어드는 데도 쓴다.	昨日ふくらませた風船が、朝には[萎んでいた/しぼんでいた]。	어제 불어 놓은 풍선이 아침에는 [쪼그라들어 있었다].	寝坊して庭に出ると、朝顔はもう[萎んでいた/しぼんでいた]。	늦잠을 자고 마당에 나가니 나팔꽃은 이미 [오므라들어 있었다].
AbsoluteVerb_184	동물을 기르다	먹이와 거처를 챙기며 동물을 돌봐요.	育てる	아이와 식물도 키울 수 있는 말과 달리 동물을 사육하는 데 쓴다.	この部屋では猫を[飼えない/かえない]ので、別の家を探した。	이 방에서는 고양이를 [기를 수 없어서] 다른 집을 찾았다.	子どものころ、庭で二羽の鶏を[飼っていた/かっていた]。	어릴 때 마당에서 닭 두 마리를 [기르고 있었다].
AbsoluteVerb_187	짐승이 크게 울부짖다	큰 짐승이 위협하듯 낮고 강한 소리를 내요.	鳴く	동물의 울음 전반보다 맹수가 크게 울부짖는 인상을 주는 표기다.	ライオンが[吼える/ほえる]と、近くの子どもが父親の後ろに隠れた。	사자가 [포효하자] 근처 아이가 아버지 뒤에 숨었다.	遠くで虎が[吼えた/ほえた]ような、低い音がした。	멀리서 호랑이가 [포효한] 듯한 낮은 소리가 났다.
AbsoluteVerb_190	입거나 신은 것을 벗다	몸에 착용한 옷이나 신발을 벗어 내요.	外す	안경이나 장신구를 떼는 말과 달리 옷·신발처럼 몸을 덮은 것을 벗는다.	玄関で靴を[脱いで/ぬいで]、畳の部屋に入った。	현관에서 신발을 [벗고] 다다미방에 들어갔다.	暑くなったら上着を[脱げば/ぬげば]いいから、持って行こう。	더워지면 겉옷을 [벗으면] 되니 가져가자.
AbsoluteVerb_193	손가락이나 손에 끼다	반지나 장갑처럼 몸에 맞춰 끼워 넣어요.	着る	옷을 입는 것과 달리 손가락이나 손에 맞추어 끼우는 동작이다.	結婚指輪を[はめた/はめた]まま、手袋をした。	결혼반지를 [낀] 채 장갑을 꼈다.	作業の前に、この厚い手袋を[はめて/はめて]ください。	작업 전에 이 두꺼운 장갑을 [껴] 주세요.
AbsoluteVerb_196	보기 좋게 장식하다	공간이나 물건에 꾸밈을 더해 보기 좋게 해요.	置く	그저 놓는 것보다 감상하도록 꾸미거나 전시한다는 목적이 있다.	娘の絵を額に入れて、廊下に[飾った/かざった]。	딸의 그림을 액자에 넣어 복도에 [장식했다].	今年は玄関を花で[飾ろう/かざろう]。	올해는 현관을 꽃으로 [꾸미자].
AbsoluteVerb_199	우산을 펴서 쓰다	비나 햇빛을 막으려고 우산을 머리 위에 펼쳐요.	開く	우산을 펴는 동작 자체보다 펼친 우산을 받쳐 쓰는 뜻이다.	小雨だったが、書類が濡れないよう傘を[差した/さした]。	가랑비였지만 서류가 젖지 않도록 우산을 [썼다].	日傘を[差して/さして]歩くと、暑さが少し和らいだ。	양산을 [쓰고] 걸으니 더위가 조금 누그러졌다.
AbsoluteVerb_202	껍질을 벗기다	과일이나 채소 바깥의 껍질을 떼어 내요.	切る	조각으로 자르는 것보다 겉껍질을 제거하는 동작이다.	みかんの皮を[むく/むく]と、車の中にいい匂いが広がった。	귤껍질을 [벗기자] 차 안에 좋은 냄새가 퍼졌다.	じゃがいもは薄く皮を[むいて/むいて]から、角切りにした。	감자는 껍질을 얇게 [벗긴] 뒤 깍둑썰기했다.
AbsoluteVerb_205	기름 없이 볶다	깨나 콩 등을 기름을 넣지 않고 가열하며 볶아요.	炒める	기름을 사용하는 볶음과 달리 마른 재료를 건조하게 볶는다.	ごまを弱火で[煎る/いる]と、香りが強くなる。	깨를 약한 불에 [볶으면] 향이 강해진다.	祖母は豆を[煎りながら/いりながら]、節分の話をしてくれた。	할머니는 콩을 [볶으면서] 세쓰분 이야기를 해 주셨다.
AbsoluteVerb_208	물이 끓다	가열된 물이 뜨거워져 끓기 시작해요.	沸かす	물을 끓이는 행동이 아니라 물 자체가 끓는 변화다.	お湯が[沸いた/わいた]ので、火を止めた。	물이 [끓어서] 불을 껐다.	まだ[沸いていない/わいていない]から、お茶を入れるのは待って。	아직 [끓지 않았으니] 차를 우리는 건 기다려.
AbsoluteVerb_211	음식이 구워지다	불이나 열을 받아 음식이 익는 쪽의 변화예요.	焼く	사람이 굽는 행동이 아니라 음식이 익어 가는 상태다.	パンが[焼けた/やけた]匂いで、子どもたちが台所に集まった。	빵이 [구워진] 냄새에 아이들이 부엌에 모였다.	魚はもう[焼けている/やけている]？ 中を少し見てみよう。	생선은 벌써 [익었어]? 안을 조금 살펴보자.
AbsoluteVerb_214	음식을 절여 담그다	소금물이나 양념에 넣어 맛이 들게 해요.	浸す	단순히 액체에 적시는 것보다 음식에 맛을 들이거나 보존하려는 용법이다.	きゅうりを塩水に[漬けて/つけて]、冷蔵庫に入れた。	오이를 소금물에 [절여] 냉장고에 넣었다.	去年[漬けた/つけた]梅干しを、今日初めて食べた。	작년에 [담근] 우메보시를 오늘 처음 먹었다.
AbsoluteVerb_217	재료를 치대어 반죽하다	수분이 있는 재료를 눌러 섞으며 한 덩어리로 만들어요.	混ぜる	재료를 섞는 것보다 점성과 탄력이 나도록 치대는 작업이다.	粘土をよく[練って/ねって]から、茶碗の形にした。	점토를 잘 [반죽한] 뒤 찻잔 모양으로 만들었다.	生地を[練りすぎた/ねりすぎた]せいか、焼くと少し硬くなった。	반죽을 [너무 치댄] 탓인지 구우니 조금 딱딱해졌다.
AbsoluteVerb_221	서로 섞이게 하다	두 가지 이상을 움직여 한데 고르게 만들어요.	混ざる	재료가 섞이는 변화와 누군가 재료를 섞는 동작을 구별한다.	赤と青の絵の具を[混ぜた/まぜた]ら、紫になった。	빨간 물감과 파란 물감을 [섞었더니] 보라색이 되었다.	ドレッシングは底にたまるから、食べる前によく[混ぜて/まぜて]ね。	드레싱은 밑에 고이니 먹기 전에 잘 [섞어] 줘.
AbsoluteVerb_224	방법이나 지식을 가르치다	모르는 사람이 알 수 있도록 설명해 주어요.	教わる	가르침을 받는 쪽과 반대로 지식을 알려 주는 쪽의 행동이다.	母にスマホの使い方を[教えた/おしえた]ら、その日のうちに写真が届いた。	어머니께 스마트폰 사용법을 [가르쳐 드렸더니] 그날 바로 사진이 왔다.	答えだけでなく、解き方も[教えて/おしえて]ほしい。	답만 아니라 푸는 법도 [알려] 줬으면 해.
AbsoluteVerb_227	누군가에게 배우다	가르쳐 주는 사람이 있고 그 지식을 받아 익혀요.	学ぶ	혼자 탐구하는 경우도 가능한 말과 달리 누군가에게 가르침을 받는 관계가 드러난다.	祖父に[教わった/おそわった]結び方を、今でも覚えている。	할아버지께 [배운] 매듭법을 지금도 기억하고 있다.	その歌は誰に[教わった/おそわった]の？ 初めて聞いたよ。	그 노래는 누구에게 [배웠어]? 처음 듣네.
AbsoluteVerb_230	뜻이나 상황을 이해하다	설명을 듣거나 살펴보아 내용을 알게 돼요.	知る	새로운 사실을 접하는 것보다 의미나 상황이 이해되는 데 초점이 있다.	図を見たら、仕組みがやっと[分かった/わかった]。	그림을 보니 구조가 겨우 [이해되었다].	この説明で[分からなければ/わからなければ]、実物を使って見せます。	이 설명으로 [이해되지 않으면] 실물을 사용해 보여 드리겠습니다.
AbsoluteVerb_233	해야 할 일을 빼먹다	일이나 수업을 하기 싫어서 일부러 빠져요.	休む	사유를 가리지 않는 쉼과 달리 의무를 게을리한다는 구어적 느낌이다.	練習を[サボった/さぼった]翌日、体の動きが重く感じた。	연습을 [빼먹은] 다음 날 몸의 움직임이 무겁게 느껴졌다.	掃除を[サボらないで/さぼらないで]。今日はあなたの当番だよ。	청소를 [빼먹지 마]. 오늘은 네 차례야.
AbsoluteVerb_236	눈으로 보게 보여 주다	상대가 볼 수 있도록 물건이나 모습을 내놓아요.	見える	대상이 눈에 보이는 상태와 상대에게 물건이나 모습을 보여 주는 행동을 구별한다.	切符を駅員に[見せた/みせた]ら、乗り場を教えてくれた。	표를 역무원에게 [보여 주었더니] 승강장을 알려 주었다.	撮った写真を、帰ってから[見せて/みせて]ね。	찍은 사진을 돌아온 뒤 [보여] 줘.
AbsoluteVerb_239	찾아서 발견하다	찾던 것이 어디 있는지 마침내 알아내요.	探す	찾으려 애쓰는 과정과 달리 발견한 결과를 뜻한다.	古本屋で、ずっと欲しかった本を[見付けた/みつけた]。	헌책방에서 줄곧 갖고 싶었던 책을 [찾아냈다].	誤字を[見付けたら/みつけたら]、赤い丸を付けてください。	오자를 [발견하면] 빨간 동그라미를 표시해 주세요.
AbsoluteVerb_242	정보를 정중하게 묻다	모르는 내용을 상대에게 질문하여 알아봐요.	訪ねる	발음은 같지만 사람이나 장소를 찾아가는 행동이 아니라 질문한다는 뜻이다.	道が分からず、店の人に駅の場所を[尋ねた/たずねた]。	길을 몰라 가게 사람에게 역 위치를 [물었다].	失礼ですが、お名前を[尋ねても/たずねても]よろしいですか。	실례지만 성함을 [여쭤봐도] 될까요?
AbsoluteVerb_245	정보나 마음을 전달하다	상대가 알도록 내용이나 마음을 건네요.	伝わる	내용이 전해지는 쪽이 아니라 누군가 전달하는 행동이다.	先生に、母からのお礼を[伝えた/つたえた]。	선생님께 어머니의 감사 인사를 [전했다].	集合場所が変わったことを、全員に[伝えて/つたえて]おこう。	집합 장소가 바뀌었다는 것을 모두에게 [전해] 두자.
AbsoluteVerb_248	신문이나 책 등에 실리다	글이나 사진이 지면이나 매체에 게재돼요.	載せる	누군가 게재하는 행동이 아니라 내용이 실린 결과다.	私の写真が町の新聞に[載った/のった]。	내 사진이 마을 신문에 [실렸다].	この店、旅行案内にも[載っている/のっている]んだね。	이 가게, 여행 안내서에도 [실려 있구나].
AbsoluteVerb_251	의미나 감정을 표현하다	생각이나 의미를 모양이나 말로 드러내요.	現す	숨은 모습을 드러내는 표기와 달리 상징과 표현을 나타낸다.	地図の青い線は、川を[表している/あらわしている]。	지도의 파란 선은 강을 [나타내고 있다].	この気持ちは言葉だけでは[表せない/あらわせない]。	이 마음은 말만으로는 [표현할 수 없다].
AbsoluteVerb_254	다른 곳으로 가다	지금 있는 곳에서 다른 장소로 이동해요.	来る	말하는 쪽으로 다가오는 이동과 달리 다른 장소를 향한다.	牛乳が切れたので、近くの店へ[行った/いった]。	우유가 떨어져서 가까운 가게에 [갔다].	一人では不安なら、一緒に[行こう/いこう]か。	혼자는 불안하다면 같이 [갈까]?
AbsoluteVerb_257	원래 곳이나 상태로 돌아오다	한번 벗어난 자리나 상태로 되돌아가요.	帰る	집으로 귀가하는 것에 한정하지 않고 직전 장소나 원래 상태로 돌아간다.	忘れ物に気づき、駅から会社へ[戻った/もどった]。	놓고 온 물건이 생각나 역에서 회사로 [돌아갔다].	設定を変えたら、画面の色が元に[戻った/もどった]。	설정을 바꾸니 화면 색이 원래대로 [돌아왔다].
AbsoluteVerb_260	안에서 밖으로 나가다	경계를 넘어 안쪽에서 바깥으로 이동해요.	出す	밖으로 내보내는 행동과 달리 주체 자신이 나간다.	映画館を[出る/でる]と、外はもう真っ暗だった。	영화관을 [나서자] 밖은 이미 캄캄했다.	家を[出る/でる]前に、窓の鍵を確認した。	집을 [나서기] 전에 창문 잠금장치를 확인했다.
AbsoluteVerb_263	정기적으로 다니다	학교나 일터처럼 같은 곳에 반복해서 오가요.	通る	길을 지나가는 한 번의 통과보다 목적지로 반복해 다니는 것이다.	祖母は週に一度、絵の教室に[通っている/かよっている]。	할머니는 일주일에 한 번 그림 교실에 [다니고 계신다].	三年間[通った/かよった]店が閉まると聞いて、最後に顔を出した。	3년 동안 [다닌] 가게가 문을 닫는다고 해서 마지막으로 들렀다.
AbsoluteVerb_266	높은 쪽으로 올리다	위치나 높이를 지금보다 높게 만들어요.	上がる	대상의 위치가 올라가는 변화와 누군가 그 대상을 올리는 행동을 구별한다.	後ろにも見えるように、写真を高く[上げた/あげた]。	뒤에서도 보이도록 사진을 높이 [들어 올렸다].	椅子を少し[上げたら/あげたら]、机との高さがちょうどよくなった。	의자를 조금 [올렸더니] 책상과의 높이가 알맞아졌다.
AbsoluteVerb_269	하늘로 떠오르다	해나 달 등이 위로 올라오는 모습을 말해요.	登る	산이나 계단을 직접 올라가는 표기와 달리 천체가 떠오를 때 쓴다.	水平線から太陽が[昇る/のぼる]のを、二人で待った。	수평선에서 해가 [떠오르기]를 둘이서 기다렸다.	山の上に月が[昇って/のぼって]、道が少し明るくなった。	산 위에 달이 [떠올라] 길이 조금 밝아졌다.
AbsoluteVerb_272	수치가 낮아지다	가격이나 온도 같은 숫자가 전보다 작아져요.	下げる	누군가 낮추는 행동이 아니라 수치 자체가 낮아지는 변화다.	夜になると気温が[下がる/さがる]ので、上着を持って行こう。	밤이 되면 기온이 [내려가니] 겉옷을 가져가자.	欲しかった靴の値段が[下がっていた/さがっていた]ので、すぐ買った。	갖고 싶었던 신발 가격이 [내려가 있어서] 바로 샀다.
AbsoluteVerb_275	회전하다	한 축이나 중심을 둘러 원을 그리며 움직여요.	回す	누군가 돌리는 행동과 달리 물체 자체가 회전한다.	風車が勢いよく[回っている/まわっている]。	풍차가 힘차게 [돌고 있다].	この椅子、座ったまま[回れる/まわれる]から便利だね。	이 의자, 앉은 채로 [돌 수 있어서] 편리하네.
AbsoluteVerb_278	통과시키다	좁은 틈이나 통로를 통해 반대쪽으로 보내요.	通る	주체가 지나가는 것과 달리 다른 대상을 지나가게 한다.	針の穴に糸を[通す/とおす]のに、何度も失敗した。	바늘구멍에 실을 [꿰는] 데 여러 번 실패했다.	この輪の中に、ベルトを[通して/とおして]ください。	이 고리 안으로 벨트를 [통과시켜] 주세요.
AbsoluteVerb_281	공중으로 날리다	물건이 공중에서 움직이도록 힘을 주어요.	飛ぶ	대상이 스스로 나는 것이 아니라 누군가 날게 한다.	屋上から紙飛行機を[飛ばした/とばした]ら、風に乗って遠くへ行った。	옥상에서 종이비행기를 [날렸더니] 바람을 타고 멀리 갔다.	ここで凧を[飛ばす/とばす]と、電線に引っかかるよ。	여기서 연을 [날리면] 전선에 걸려.
AbsoluteVerb_284	물을 흘려보내다	물이 계속 움직여 흘러가도록 해요.	流れる	물이 흐르는 움직임과 누군가 물을 흘려보내는 동작을 구별한다.	掃除の最後に、水を[流して/ながして]床の泡を落とした。	청소 마지막에 물을 [흘려보내] 바닥 거품을 없앴다.	歯を磨く間も水を[流していた/ながしていた]ので、弟に注意された。	이를 닦는 동안에도 물을 [흘려보내고 있어서] 남동생에게 지적받았다.
AbsoluteVerb_287	균형을 잃고 넘어지다	걷거나 뛰던 사람이 바닥에 넘어져요.	転がる	바닥에서 계속 구르는 움직임과 달리 서 있다가 넘어지는 사건이다.	凍った道で[転びそうになった/ころびそうになった]が、壁につかまった。	언 길에서 [넘어질 뻔했지만] 벽을 붙잡았다.	子どもは[転んでも/ころんでも]泣かず、またボールを追いかけた。	아이는 [넘어져도] 울지 않고 다시 공을 쫓았다.
AbsoluteVerb_290	주위를 둘러싸다	여럿이 중심의 대상 주위에 자리 잡아요.	包む	천 등으로 감싸는 것과 달리 주변에 배치되어 둘러선다.	家族で鍋を[囲んで/かこんで]、冬休みの予定を話した。	가족이 냄비를 [둘러싸고] 겨울방학 계획을 이야기했다.	記者たちが選手を[囲んだ/かこんだ]ため、入口が通れなくなった。	기자들이 선수를 [둘러싸서] 입구를 지날 수 없게 되었다.
AbsoluteVerb_293	몹시 지치다	몸의 힘이 빠져 쉬고 싶은 상태를 편하게 말해요.	疲れる	피곤하다는 뜻과 겹치며 구어적으로 지치고 기운 빠진 느낌을 준다.	一日中歩いて、すっかり[くたびれた/くたびれた]。	하루 종일 걸어서 완전히 [지쳤다].	今日は[くたびれている/くたびれている]から、夕飯は簡単に済ませたい。	오늘은 [지쳐 있어서] 저녁은 간단히 해결하고 싶다.
AbsoluteVerb_296	위치를 움직이다	물건을 원래 자리에서 다른 자리로 옮겨요.	動く	물체가 움직이는 것과 달리 누군가 물체를 이동시킨다.	床を拭くため、ソファを少し[動かした/うごかした]。	바닥을 닦으려고 소파를 조금 [옮겼다].	この棚は重すぎて、一人では[動かせない/うごかせない]。	이 선반은 너무 무거워 혼자서는 [움직일 수 없다].
AbsoluteVerb_299	움직임을 멈추게 하다	움직이거나 작동하던 것을 서게 해요.	止まる	대상이 멈추는 것과 달리 누군가 멈추게 만드는 행동이다.	異常な音に気づき、すぐ機械を[止めた/とめた]。	이상한 소리를 알아차리고 곧바로 기계를 [멈췄다].	ここで車を[止めて/とめて]。入口はこの先にある。	여기서 차를 [세워] 줘. 입구는 이 앞에 있어.
AbsoluteVerb_303	물 위에 뜨다	가라앉지 않고 물 표면에 머물러요.	浮かべる	무언가를 띄우는 행동이 아니라 대상 자체가 떠 있다.	池には落ち葉が何枚も[浮かんでいた/うかんでいた]。	연못에는 낙엽이 여러 장 [떠 있었다].	この木の実は、水に入れても[浮かぶ/うかぶ]んだね。	이 열매는 물에 넣어도 [뜨는구나].
AbsoluteVerb_306	돈을 주고 사다	값을 치르고 물건을 자기 것으로 해요.	借りる	잠시 받아 쓰고 돌려주는 것과 달리 값을 지불해 소유한다.	傘を忘れたので、駅の売店で一本[買った/かった]。	우산을 잊고 와서 역 매점에서 하나 [샀다].	急いで[買わず/かわず]に、ほかの店も見てから決めよう。	서둘러 [사지 말고] 다른 가게도 보고 결정하자.
AbsoluteVerb_309	모습에 잘 어울리다	색이나 옷이 그 사람의 분위기와 조화를 이루어요.	合う	크기나 조건이 맞는 일반적인 경우보다 보기 좋은 조화를 나타낸다.	その短い髪型、よく[似合う/にあう]ね。	그 짧은 머리 모양, 잘 [어울리네].	鏡で見ると、思ったより帽子が[似合っていなかった/にあっていなかった]。	거울로 보니 생각보다 모자가 [어울리지 않았다].
AbsoluteVerb_312	겉을 감싸 포장하다	종이나 천을 둘러 내용물이 감싸이게 해요.	入れる	용기 안에 넣는 것과 달리 종이나 천으로 둘러싼다.	焼いた芋をアルミホイルで[包んだ/つつんだ]ので、帰宅しても温かかった。	구운 고구마를 알루미늄 포일로 [싸서] 집에 돌아와도 따뜻했다.	贈り物なので、きれいな紙で[包んで/つつんで]いただけますか。	선물이니 예쁜 종이로 [포장해] 주시겠어요?
AbsoluteVerb_315	물건을 다루다	특정 물건을 사용하거나 관리하는 방법에 관한 말이에요.	扱う	뜻이 많이 겹치며 취급 주의나 제품 관리 같은 공식적인 안내에 흔히 쓴다.	割れやすいので、慎重に[取り扱って/とりあつかって]ください。	깨지기 쉬우니 조심스럽게 [다뤄] 주세요.	この薬品を[取り扱う/とりあつかう]ときは、手袋が必要だ。	이 약품을 [취급할] 때는 장갑이 필요하다.
AbsoluteVerb_318	즐겁게 놀다	일이나 공부가 아닌 즐거운 활동으로 시간을 보내요.	休む	아무 활동 없이 쉬는 것과 달리 놀이를 하며 즐긴다.	子どもたちは暗くなるまで川辺で[遊んだ/あそんだ]。	아이들은 어두워질 때까지 강가에서 [놀았다].	宿題が終わったら、一緒に[遊ぼう/あそぼう]。	숙제가 끝나면 같이 [놀자].
AbsoluteVerb_321	술에 취하다	술의 영향으로 평소의 감각이나 행동이 달라져요.	飲む	술을 마시는 행동만이 아니라 그 영향으로 취한 상태가 된다.	一杯しか飲んでいないのに、もう[酔ってしまった/よってしまった]。	한 잔밖에 안 마셨는데 벌써 [취해 버렸다].	父は[酔う/よう]と、同じ昔話を何度もする。	아버지는 [취하면] 같은 옛이야기를 여러 번 하신다.
AbsoluteVerb_324	현악기나 건반악기를 연주하다	줄을 튕기거나 건반을 눌러 곡을 연주해요.	吹く	숨을 불어 관악기를 연주하는 것과 달리 현악기나 건반악기에 쓴다.	友達の結婚式で、ピアノを[弾く/ひく]ことになった。	친구 결혼식에서 피아노를 [연주하게] 되었다.	隣の部屋から、ギターを[弾いている/ひいている]音が聞こえる。	옆방에서 기타를 [치는] 소리가 들린다.
AbsoluteVerb_327	기회나 권한을 주다	상대가 얻거나 갖도록 무언가를 제공해요.	あげる	주는 뜻이 겹치지만 개인 간의 주고받음보다 기회와 권한을 제공하는 행위를 객관적이고 격식 있게 말하기 좋다.	監督は若い選手にも出場の機会を[与えた/あたえた]。	감독은 젊은 선수에게도 출전 기회를 [주었다].	子どもには、すぐ答えを言わずに考える時間を[与えよう/あたえよう]。	아이에게는 곧바로 답을 말하지 말고 생각할 시간을 [주자].
AbsoluteVerb_330	윗사람이 주시다	높여 말하는 사람이 나나 우리 쪽에 무언가를 줘요.	差し上げる	내가 윗사람에게 드리는 방향과 반대로 윗사람이 주는 행동을 높인다.	先生が卒業祝いに本を[下さった/くださった]。	선생님께서 졸업 선물로 책을 [주셨다].	部長が[下さった/くださった]地図のおかげで、迷わず着けました。	부장님이 [주신] 지도 덕분에 헤매지 않고 도착했습니다.
AbsoluteVerb_334	여럿에게 나누어 주다	여러 사람이 하나씩 받도록 분배해요.	渡す	한 사람에게 건네는 것보다 여럿에게 돌아가게 나누는 동작이다.	試験が始まる前に、先生が答案用紙を[配った/くばった]。	시험 시작 전에 선생님이 답안지를 [나누어 주었다].	人数を数えてから、お菓子を[配ろう/くばろう]。	인원을 센 뒤 과자를 [나누어 주자].
AbsoluteVerb_337	이미 한 결정이나 신청을 취소하다	성립한 신청이나 발언을 거두어 없던 것으로 해요.	中止する	행사를 진행하지 않기로 하는 것보다 이미 내놓은 의사 표시를 철회하는 경우에 잘 쓴다.	誤って二回注文したので、一件を[取り消した/とりけした]。	잘못해서 두 번 주문했기에 한 건을 [취소했다].	一度送った申請は、ここから[取り消せます/とりけせます]。	한번 보낸 신청은 여기서 [취소할 수 있습니다].
AbsoluteVerb_340	결정되다	선택지가 정리되어 하나로 확정되는 쪽이에요.	決める	누군가 결정하는 행동이 아니라 내용이 확정되는 결과다.	旅行の日程が[決まった/きまった]ので、休みを申請した。	여행 일정이 [정해져서] 휴가를 신청했다.	店はまだ[決まっていない/きまっていない]けれど、駅の近くにするつもりだ。	가게는 아직 [정해지지 않았지만] 역 근처로 할 생각이다.
AbsoluteVerb_343	상대를 기다리게 하다	내 행동이나 사정으로 다른 사람이 기다리게 돼요.	待つ	기다리는 당사자가 아니라 상대를 대기하게 만드는 쪽이다.	準備に手間取り、友達を玄関で[待たせた/またせた]。	준비에 시간이 걸려 친구를 현관에서 [기다리게 했다].	長く[待たせて/またせて]ごめん。電車が止まっていたんだ。	오래 [기다리게 해서] 미안해. 전철이 멈춰 있었어.
AbsoluteVerb_347	사람이나 차로 붐비다	공간에 사람이나 차량이 많아 여유가 없어요.	渋滞する	도로 흐름이 막히는 경우뿐 아니라 가게나 열차에 사람이 많은 상태에도 쓴다.	昼の店は[混む/こむ]ので、少し早めに入った。	점심때 가게는 [붐비니] 조금 일찍 들어갔다.	電車が[混んでいて/こんでいて]、かばんを開く余裕もなかった。	전철이 [붐벼서] 가방을 열 여유도 없었다.
AbsoluteVerb_350	탈것에 태우다	사람이 차나 배 등에 타도록 해요.	載せる	물건을 싣거나 글을 게재하는 표기와 달리 사람을 탈것에 태운다.	けがをした友達を車に[乗せて/のせて]、病院へ向かった。	다친 친구를 차에 [태우고] 병원으로 향했다.	駅まで[乗せて/のせて]くれるなら、あと五分で支度するよ。	역까지 [태워] 준다면 5분 안에 준비할게.
AbsoluteVerb_353	내릴 곳을 지나치다	타고 있던 교통수단에서 제때 내리지 못해요.	乗り遅れる	출발 전에 타지 못하는 것과 달리 이미 탄 뒤 하차 지점을 놓친다.	本に夢中になり、降りる駅を[乗り過ごした/のりすごした]。	책에 빠져 내릴 역을 [지나쳤다].	終点まで寝たら[乗り過ごす/のりすごす]よ。次が私たちの駅だ。	종점까지 자면 [내릴 역을 지나쳐]. 다음이 우리 역이야.
AbsoluteVerb_357	경기나 다툼에서 이기다	상대보다 나은 결과를 내어 승리해요.	勝る	능력이나 정도가 뛰어남을 말하는 것보다 경기의 승패에 초점이 있다.	最後の一点で逆転し、強い相手に[勝った/かった]。	마지막 한 점으로 역전해서 강한 상대에게 [이겼다].	次こそ[勝ちたい/かちたい]ので、苦手なサーブを練習している。	다음번에는 꼭 [이기고 싶어서] 약한 서브를 연습하고 있다.
AbsoluteVerb_360	주먹 등으로 세게 때리다	몸에 강한 충격을 가해 때리는 행동이에요.	叩く	가볍게 두드리는 것도 가능한 말과 달리 주먹이나 물건으로 세게 때리는 뜻이다.	男は壁を[殴って/なぐって]、自分の手を痛めた。	남자는 벽을 [주먹으로 쳐서] 자기 손을 다쳤다.	腹が立っても、人を[殴って/なぐって]いい理由にはならない。	화가 나도 사람을 [때려도] 된다는 이유는 되지 않는다.
AbsoluteVerb_363	끝으로 밀어 찌르다	봉이나 손가락 끝을 앞으로 내밀어 대상을 쿡 눌러요.	刺す	날카로운 것이 뚫고 박히는 것보다 끝으로 밀어 치는 동작까지 넓게 뜻한다.	弟が棒で地面を[突いて/ついて]、土の硬さを調べた。	남동생은 막대기로 땅을 [찔러] 흙의 단단함을 알아봤다.	後ろから肩を指で[突かれた/つかれた]ので、振り向いた。	뒤에서 손가락으로 어깨를 [쿡 찔리는] 바람에 돌아보았다.
AbsoluteVerb_366	남의 것을 몰래 훔치다	주인의 허락 없이 물건을 몰래 가져가요.	奪う	상대에게서 강제로 빼앗는 경우보다 몰래 가져가는 행위에 초점이 있다.	自転車を[盗まれた/ぬすまれた]ので、警察に届けた。	자전거를 [도둑맞아서] 경찰에 신고했다.	落ちていた財布でも、中のお金を[盗んで/ぬすんで]はいけない。	떨어져 있던 지갑이라도 안의 돈을 [훔쳐서는] 안 된다.
AbsoluteVerb_369	죄를 저지르다	법이나 도덕에 어긋나는 잘못을 행해요.	侵す	영역이나 권리를 침범하는 표기와 구별하여 죄를 저지르는 경우다.	罪を[犯した/おかした]ことを認め、本人は謝罪した。	죄를 [저지른] 것을 인정하고 본인은 사과했다.	貧しさだけを理由に犯罪を[犯して/おかして]よいとは言えない。	가난만을 이유로 범죄를 [저질러도] 된다고 할 수는 없다.
AbsoluteVerb_372	불에 타다	불이 붙은 물체 자체에서 연소가 진행돼요.	燃やす	사람이 태우는 행동과 달리 대상이 타는 쪽을 나타낸다.	暖炉の薪が静かに[燃えていた/もえていた]。	벽난로의 장작이 조용히 [타고 있었다].	紙が[燃える/もえる]匂いがして、台所を確認した。	종이가 [타는] 냄새가 나서 부엌을 확인했다.
AbsoluteVerb_375	서로 부딪치다	움직이다가 다른 물체와 충돌해요.	ぶつける	누군가 대상을 부딪치게 하는 것과 달리 주체가 직접 충돌한다.	角で人と[ぶつかって/ぶつかって]、持っていた本を落とした。	모퉁이에서 사람과 [부딪쳐서] 들고 있던 책을 떨어뜨렸다.	風船が天井に[ぶつかった/ぶつかった]後、ゆっくり降りてきた。	풍선이 천장에 [부딪친] 뒤 천천히 내려왔다.
AbsoluteVerb_378	원치 않는 상황을 피하다	좋지 않은 일과 맞닥뜨리지 않도록 행동해요.	逃げる	이미 있는 곳에서 달아나는 것보다 만나지 않도록 미리 조절하는 뜻도 있다.	混雑を[避けて/さけて]、平日の朝に美術館へ行った。	혼잡을 [피해] 평일 아침에 미술관에 갔다.	彼との争いを[避けたい/さけたい]ので、今日はその話をしない。	그와의 다툼을 [피하고 싶어서] 오늘은 그 이야기를 하지 않는다.
AbsoluteVerb_381	몸을 숨기다	다른 사람의 눈에 띄지 않도록 보이지 않는 곳에 들어가요.	隠す	대상을 숨기는 행동이 아니라 주체 자신이 보이지 않게 된다.	猫は掃除機を見ると、ベッドの下に[隠れた/かくれた]。	고양이는 청소기를 보자 침대 밑에 [숨었다].	カーテンの後ろに[隠れても/かくれても]、足が見えているよ。	커튼 뒤에 [숨어도] 발이 보여.
AbsoluteVerb_384	붙잡히다	도망가거나 벗어나려던 사람이 잡히는 쪽이에요.	捕まえる	잡는 사람의 행동과 반대로 잡힌 쪽을 주어로 한다.	逃げた男は、駅で警察に[捕まった/つかまった]。	도망친 남자는 역에서 경찰에게 [붙잡혔다].	鬼に[捕まらない/つかまらない]ように、木の陰へ走った。	술래에게 [잡히지 않도록] 나무 뒤로 달렸다.
AbsoluteVerb_387	낚시로 물고기를 잡다	낚싯줄과 미끼를 이용해서 잡아요.	捕る	잡는 방법 일반보다 낚싯바늘과 줄을 사용하는 경우다.	祖父が[釣った/つった]魚を、その場で焼いて食べた。	할아버지가 [낚은] 물고기를 그 자리에서 구워 먹었다.	今日は一匹も[釣れなかった/つれなかった]が、海を見ているだけで楽しかった。	오늘은 한 마리도 [낚지 못했지만] 바다를 보는 것만으로도 즐거웠다.
AbsoluteVerb_390	직장에 소속되어 근무하다	어느 회사나 기관의 직원으로 일하는지를 말해요.	働く	일하는 행동 전반보다 특정 직장에 소속된 관계를 나타낸다.	祖父は灯台に[勤めていた/つとめていた]ころの暮らしを、よく話してくれる。	할아버지는 등대에 [근무하시던] 시절의 생활 이야기를 자주 해 주신다.	父が三十年[勤めた/つとめた]会社から、花束が届いた。	아버지가 30년간 [근무한] 회사에서 꽃다발이 왔다.
AbsoluteVerb_393	물건을 다루다	물건의 성질에 맞춰 사용하거나 관리해요.	使う	사용 목적의 동작뿐 아니라 보관하고 대하는 방식도 포함한다.	古い本なので、優しく[扱って/あつかって]ください。	오래된 책이니 조심스럽게 [다뤄] 주세요.	この道具を[扱う/あつかう]には、まず安全な持ち方を覚える必要がある。	이 도구를 [다루려면] 먼저 안전하게 잡는 법을 배워야 한다.
AbsoluteVerb_396	직장이나 직책을 그만두다	맡고 있던 직업이나 자리를 떠나요.	止める	행동을 중단하는 넓은 말과 구별하여 직장이나 지위를 그만둔다는 표기다.	体調を崩して、長く働いた会社を[辞めた/やめた]。	건강이 나빠져 오래 일한 회사를 [그만뒀다].	今の仕事を[辞める/やめる]前に、次の生活を考えておきたい。	지금 일을 [그만두기] 전에 이후 생활을 생각해 두고 싶다.
AbsoluteVerb_399	해야 할 일에 게으름을 피우다	힘을 들여 할 일을 일부러 하지 않거나 소홀히 해요.	休む	필요해서 쉬는 것과 구별하여 할 일을 게을리하는 태도다.	運動を[怠けていた/なまけていた]せいで、階段だけで息が切れた。	운동을 [게을리하고 있었던] 탓에 계단만으로도 숨이 찼다.	誰も見ていないと、つい[怠けてしまう/なまけてしまう]。	아무도 보고 있지 않으면 그만 [게으름을 피우고 만다].
AbsoluteVerb_402	사실이나 가치를 인정하다	부정하지 않고 사실 또는 가치가 있다고 받아들여요.	褒める	칭찬과 달리 잘못이나 패배처럼 좋지 않은 사실도 받아들이는 말이다.	自分の間違いを[認めて/みとめて]、もう一度やり直した。	자기 잘못을 [인정하고] 다시 한번 했다.	努力を[認めてもらえて/みとめてもらえて]、少し自信がついた。	노력을 [인정받아서] 조금 자신감이 생겼다.
AbsoluteVerb_405	낯설지 않게 익숙해지다	여러 번 경험해 불편하거나 어색한 느낌이 줄어요.	覚える	내용을 기억하는 것보다 환경이나 행동에 적응하는 변화다.	新しい靴に[慣れる/なれる]まで、短い距離だけ歩いた。	새 신발에 [익숙해질] 때까지 짧은 거리만 걸었다.	夜の仕事にも[慣れた/なれた]が、休日は早く寝たい。	밤일에도 [익숙해졌지만] 쉬는 날에는 일찍 자고 싶다.
AbsoluteVerb_408	사람을 만나다	서로 같은 곳에서 얼굴을 마주해요.	合う	발음은 같지만 조건이 맞는 뜻이 아니라 사람과 만나는 행동이다.	旅先で昔の先生に[会って/あって]、とても驚いた。	여행지에서 옛 선생님을 [만나] 무척 놀랐다.	メールだけでは伝わらないから、一度[会おう/あおう]。	이메일만으로는 전달되지 않으니 한번 [만나자].
AbsoluteVerb_411	가볍게 접촉하다	표면에 살짝 닿거나 스치는 순간이에요.	触る	손으로 적극적으로 만지는 것과 겹치지만 작은 접촉에도 자연스럽다.	指先が氷に[触れて/ふれて]、思わず手を引っ込めた。	손끝이 얼음에 [닿아서] 나도 모르게 손을 움츠렸다.	赤ちゃんの頬にそっと[触れる/ふれる]と、目を開けた。	아기 볼에 살며시 [손을 대자] 눈을 떴다.
AbsoluteVerb_414	오는 사람을 맞이하다	오는 사람을 기다리거나 나가서 맞아요. 반드시 손님을 초대하는 것은 아니에요.	招く	오도록 초대하는 것과 이미 도착하는 사람을 맞는 단계를 구별한다.	空港で母を[迎える/むかえる]ため、早めに家を出た。	공항에서 어머니를 [맞이하려고] 일찍 집을 나섰다.	宿の主人が笑顔で私たちを[迎えてくれた/むかえてくれた]。	숙소 주인이 웃는 얼굴로 우리를 [맞아 주었다].
AbsoluteVerb_417	강하게 재촉하다	상대가 빨리 행동하도록 계속 몰아붙여요.	促す	행동을 유도하는 말과 뜻이 겹치지만 상대가 빨리 움직이도록 몰아붙이는 조급함이 두드러진다. 비교어도 반드시 부드러운 권유만을 뜻하지는 않는다.	後ろの車に[急き立てられて/せきたてられて]も、安全な速度を守った。	뒤차에 [재촉을 받아도] 안전한 속도를 지켰다.	そんなに子どもを[急き立てないで/せきたてないで]。今、靴を履いているよ。	그렇게 아이를 [닦달하지 마]. 지금 신발을 신고 있잖아.
AbsoluteVerb_420	장사나 투자로 이익을 얻다	거래를 통해 비용보다 많은 돈을 남겨요.	稼ぐ	일해서 돈을 버는 넓은 뜻보다 장사나 투자에서 이익을 내는 데 잘 쓴다.	叔父は株で[儲けた/もうけた]お金で、小さな店を開いた。	삼촌은 주식으로 [번] 돈으로 작은 가게를 열었다.	安く仕入れても、売れなければ[儲けられない/もうけられない]。	싸게 매입해도 팔리지 않으면 [이익을 낼 수 없다].
AbsoluteVerb_423	빌린 것을 돌려주다	받아 두었던 물건을 원래 주인에게 건네요.	戻す	원래 위치에 되돌리는 것보다 주인에게 반환하는 관계가 중심이다.	借りた傘を[返そう/かえそう]としたら、また雨が降り出した。	빌린 우산을 [돌려주려] 하자 다시 비가 내리기 시작했다.	本は読み終わったので、明日[返します/かえします]。	책은 다 읽었으니 내일 [돌려드리겠습니다].
AbsoluteVerb_427	안에 있는 것을 꺼내다	안쪽에 든 것을 바깥으로 끌어내요.	取り出す	꺼내는 일반적인 말과 겹치며 은행의 돈이나 숨은 능력에도 널리 쓴다.	旅行の前に、銀行で現金を[引き出した/ひきだした]。	여행 전에 은행에서 현금을 [인출했다].	奥にある箱を[引き出す/ひきだす]には、手前の荷物をどけないといけない。	안쪽 상자를 [꺼내려면] 앞의 짐을 치워야 한다.
AbsoluteVerb_430	바닥에 있는 것을 줍다	떨어진 물건을 손으로 집어 올려요.	取る	집는 행동 전반보다 바닥 등에 떨어진 물건을 들어 올리는 상황이다.	落ちていた定期券を[拾って/ひろって]、駅員に渡した。	떨어진 정기권을 [주워] 역무원에게 건넸다.	子どもが[拾った/ひろった]どんぐりが、ポケットからいくつも出てきた。	아이가 [주운] 도토리가 주머니에서 여러 개 나왔다.
AbsoluteVerb_433	찾으려고 살피다	어디에 있는지 몰라 여러 곳을 살펴보는 과정이에요.	見つける	발견한 결과가 아니라 발견하려고 애쓰는 단계다.	財布を一時間[探した/さがした]が、まだ見つからない。	지갑을 한 시간 [찾았지만] 아직 발견하지 못했다.	静かに話せる店を[探している/さがしている]んだけど、どこか知らない？	조용히 이야기할 수 있는 가게를 [찾고 있는데] 어디 아는 곳 없어?
AbsoluteVerb_436	물건을 잃어버리다	자기가 가지고 있던 물건이 어디 있는지 알 수 없게 돼요.	落とす	떨어뜨린 방식까지 말하지 않고 분실한 결과를 나타낸다.	手袋を片方[なくした/なくした]ので、来た道を戻った。	장갑 한 짝을 [잃어버려서] 왔던 길을 돌아갔다.	大事な紙だから、[なくさない/なくさない]ように封筒に入れてね。	중요한 종이니 [잃어버리지 않도록] 봉투에 넣어 줘.
AbsoluteVerb_439	흩어진 것을 한데 정리하다	여러 내용을 모아 다루기 좋게 묶어요.	集める	단순히 모으는 데서 나아가 정돈하거나 하나의 형태로 엮는다.	会議で出た意見を、一枚の紙に[まとめた/まとめた]。	회의에서 나온 의견을 한 장의 종이에 [정리했다].	質問は最後に[まとめて/まとめて]聞きますので、メモしておいてください。	질문은 마지막에 [모아서] 들을 테니 적어 두세요.
AbsoluteVerb_442	필요한 것이 모두 모이다	빠진 것 없이 한자리에 갖추어져요.	集まる	모이는 현상 중에서도 필요한 구성이나 수가 다 갖추어지는 데 초점이 있다.	全員が[揃った/そろった]ので、記念写真を撮った。	전원이 [모여서] 기념사진을 찍었다.	材料がまだ[揃っていない/そろっていない]から、料理は始められない。	재료가 아직 [다 갖추어지지 않아서] 요리를 시작할 수 없다.
AbsoluteVerb_445	물건을 어지르다	정돈된 곳에 물건을 여기저기 흩어 놓아요.	汚す	때를 묻히는 것보다 물건의 배치를 어수선하게 만드는 행동이다.	猫が机の紙を[散らかして/ちらかして]、部屋中に落としてしまった。	고양이가 책상 위 종이를 [흩트려] 방 안 곳곳에 떨어뜨리고 말았다.	遊んでもいいけど、部屋を[散らかさないで/ちらかさないで]ね。	놀아도 되지만 방을 [어지르지 마].
AbsoluteVerb_448	일이 시작되다	어떤 활동의 첫 순간이 찾아와 진행이 이루어져요.	始める	누군가 시작하는 행동이 아니라 행사나 일이 시작되는 쪽이다.	映画が[始まる/はじまる]直前に、携帯の電源を切った。	영화가 [시작되기] 직전에 휴대전화 전원을 껐다.	工事が[始まって/はじまって]から、朝の道が混むようになった。	공사가 [시작되고] 나서 아침 길이 붐비게 되었다.
AbsoluteVerb_451	하던 일을 끝내다	진행하던 활동을 마지막까지 수행해 마쳐요.	終わる	일이 끝나는 쪽과 달리 사람이 일을 마치는 행동이다.	発表を[終えた/おえた]瞬間、足の力が抜けた。	발표를 [마친] 순간 다리에 힘이 풀렸다.	今日中に点検を[終える/おえる]ため、二人で作業を分けた。	오늘 안에 점검을 [끝내기] 위해 둘이 작업을 나눴다.
AbsoluteVerb_454	마지막 손질로 완성하다	만들던 것을 끝까지 다듬어 완성된 상태로 해요.	終える	작업을 마치는 것보다 결과물을 완성도 있게 마무리하는 데 초점이 있다.	徹夜で絵を[仕上げて/しあげて]、朝一番で会場に運んだ。	밤을 새워 그림을 [완성하고] 아침 일찍 행사장에 옮겼다.	細かい部分は家に帰ってから[仕上げよう/しあげよう]。	세부 부분은 집에 돌아간 뒤 [마무리하자].
AbsoluteVerb_457	해야 할 일을 처리해 끝내다	필요한 일을 끝내 더 할 필요가 없게 해요.	終える	활동의 종료보다 용무나 절차를 처리했다는 느낌이 강하다.	混む前に買い物を[済ませた/すませた]ので、午後は自由だ。	붐비기 전에 장보기를 [끝내서] 오후에는 자유다.	先に支払いを[済ませて/すませて]から、荷物を受け取ってください。	먼저 결제를 [마친] 뒤 짐을 받아 주세요.
AbsoluteVerb_460	도움을 받아 부담이 줄다	누군가의 행동 덕분에 어려움이 해결되거나 편해져요.	助ける	도움을 주는 사람의 행동이 아니라 도움을 받는 쪽의 결과다.	迎えに来てもらえて、本当に[助かった/たすかった]。	데리러 와 줘서 정말 [도움이 됐다].	明日までに送っていただけると[助かります/たすかります]。	내일까지 보내 주시면 [감사하겠습니다].
AbsoluteVerb_463	쓸모가 있어 도움이 되다	목적을 이루는 데 실질적으로 유용해요.	役に立つ	의미는 거의 같으며 한 단어의 동사 형태로 유용함을 표현한다.	学生のころの経験が、今になって[役立っている/やくだっている]。	학생 때의 경험이 이제 와서 [도움이 되고 있다].	この地図は山道でも[役立つ/やくだつ]から、持って行こう。	이 지도는 산길에서도 [도움이 되니] 가져가자.
AbsoluteVerb_466	함께 하자고 권하다	상대가 자신과 활동에 참여하도록 말을 건네요.	招待する	손님으로 공식 초대하는 것보다 함께 가거나 하자고 권하는 뜻이 넓다.	一人で行くのは寂しいので、友達を映画に[誘った/さそった]。	혼자 가기는 외로워서 친구에게 영화를 [같이 보자고 했다].	今度の散歩には、隣のおばあさんも[誘おう/さそおう]。	이번 산책에는 옆집 할머니께도 [함께 가자고 하자].
AbsoluteVerb_469	부족한 양을 더하다	기존 양에 더 넣어 원하는 만큼 채워요.	加える	요소를 추가하는 넓은 말과 겹치지만 수량 계산이나 부족분 보충에 흔히 쓴다.	スープが濃かったので、水を少し[足した/たした]。	수프가 진해서 물을 조금 [더 넣었다].	あと二枚[足せば/たせば]、全員に一枚ずつ渡せる。	두 장 더 [보태면] 모두에게 한 장씩 줄 수 있다.
AbsoluteVerb_474	서로 맞다	두 수치나 내용이 어긋나지 않고 일치해요.	似る	비슷해 보이는 정도가 아니라 기준이나 상대와 맞아떨어지는 관계다.	計算が[合わない/あわない]ので、レシートを一枚ずつ見直した。	계산이 [맞지 않아서] 영수증을 한 장씩 다시 봤다.	答えが友達と[合った/あった]ので、少し安心した。	답이 친구와 [일치해서] 조금 안심했다.
AbsoluteVerb_477	잘못 판단하거나 고르다	맞는 것 대신 다른 것을 선택하거나 잘못 처리해요.	間違う	잘못되었다는 상태도 나타내는 말과 겹치며 대상을 잘못 고르는 타동사 용법이 두드러진다.	砂糖と塩を[間違えて/まちがえて]、コーヒーが飲めなくなった。	설탕과 소금을 [잘못 골라] 커피를 마실 수 없게 되었다.	部屋の番号を[間違えた/まちがえた]らしく、誰もいなかった。	방 번호를 [잘못 안] 것인지 아무도 없었다.
AbsoluteVerb_480	사는 집을 옮기다	거주지를 다른 곳으로 바꾸어요.	移る	자리나 소속의 이동보다 집과 살림을 다른 곳으로 옮기는 뜻이다.	犬を飼いたくて、庭のある家へ[引っ越した/ひっこした]。	개를 기르고 싶어서 정원이 있는 집으로 [이사했다].	何度[引っ越しても/ひっこしても]、この古い机だけは手放せない。	몇 번을 [이사해도] 이 오래된 책상만은 버릴 수 없다.
AbsoluteVerb_483	물건을 목적지에 전해 주다	받을 사람이 있는 곳까지 가져가 도착하게 해요.	送る	발송하는 단계보다 받을 곳까지 전달하는 데 초점이 있다.	忘れた弁当を、母が学校まで[届けてくれた/とどけてくれた]。	두고 온 도시락을 어머니가 학교까지 [가져다주셨다].	この書類は今日中に本社へ[届ける/とどける]必要がある。	이 서류는 오늘 안에 본사로 [전달할] 필요가 있다.
AbsoluteVerb_486	새로운 요소를 더하다	이미 있는 것에 다른 재료나 요소를 보태요.	足す	부족한 양을 채우는 것뿐 아니라 새로운 성질이나 요소를 추가할 때도 쓴다.	最後にレモン汁を[加える/くわえる]と、味が引き締まる。	마지막에 레몬즙을 [더하면] 맛이 또렷해진다.	説明に一つ例を[加えた/くわえた]だけで、ぐっと分かりやすくなった。	설명에 예 하나를 [추가한] 것만으로 훨씬 이해하기 쉬워졌다.
AbsoluteVerb_489	서로 겹치다	둘 이상의 것이 같은 자리나 시간에 포개져요.	重ねる	누군가 포개는 행동이 아니라 두 대상이 겹치는 관계다.	窓に二人の影が[重なって/かさなって]、一つに見えた。	창문에 두 사람의 그림자가 [겹쳐서] 하나로 보였다.	出張と結婚式の日が[重なった/かさなった]ので、予定を調整した。	출장과 결혼식 날짜가 [겹쳐서] 일정을 조정했다.
AbsoluteVerb_492	수나 양이 늘다	전보다 더 많아지는 변화예요.	増やす	누군가 늘리는 행동과 달리 수량 자체가 늘어난다.	駅ができてから、この町に住む人が[増えた/ふえた]。	역이 생긴 뒤 이 마을에 사는 사람이 [늘었다].	洗うたびにタオルの毛玉が[増えている/ふえている]気がする。	빨 때마다 수건의 보풀이 [늘고 있는] 것 같다.
AbsoluteVerb_495	수량을 줄이다	기존 양을 덜어 더 적게 만들어요.	減る	양이 줄어드는 변화와 누군가 양을 줄이는 행동을 구별한다.	荷物を[減らす/へらす]ため、本は一冊だけにした。	짐을 [줄이기] 위해 책은 한 권만 가져가기로 했다.	料理の塩を少し[減らした/へらした]が、家族は気づかなかった。	요리의 소금을 조금 [줄였지만] 가족은 알아차리지 못했다.
AbsoluteVerb_498	길이를 늘이다	짧거나 구부러진 것을 길게 만들거나 펴요.	延ばす	시간이나 기한을 뒤로 미루는 표기와 구별하여 물리적인 길이를 늘린다.	髪を[伸ばしている/のばしている]ので、今回は前髪だけ切った。	머리를 [기르고 있어서] 이번에는 앞머리만 잘랐다.	腕を[伸ばしても/のばしても]、上の棚には届かない。	팔을 [뻗어도] 위쪽 선반에는 닿지 않는다.
AbsoluteVerb_501	안에서 부풀어 커지다	공기나 열 등으로 안쪽이 팽팽하게 커져요.	増える	수량의 증가보다 하나의 물체가 부풀어 부피가 커지는 변화다.	オーブンの中でパンが[膨らんで/ふくらんで]、丸くなってきた。	오븐 안에서 빵이 [부풀어] 둥글어지기 시작했다.	風船がこれ以上[膨らむ/ふくらむ]と、割れそうだ。	풍선이 이보다 더 [부풀면] 터질 것 같다.
AbsoluteVerb_504	물건이 고장 나다	기능이나 구조가 손상되어 제대로 쓸 수 없게 돼요.	壊す	누군가 망가뜨리는 행동이 아니라 물건이 망가진 상태가 된다.	旅行中にカメラが[壊れて/こわれて]、後半は写真を撮れなかった。	여행 중에 카메라가 [고장 나서] 후반에는 사진을 찍지 못했다.	椅子の脚が[壊れている/こわれている]から、座らないで。	의자 다리가 [망가져 있으니] 앉지 마.
AbsoluteVerb_507	고장이나 잘못을 고치다	기능이나 모양을 올바른 상태로 되돌려요.	治す	병을 치료하는 표기와 구별하여 물건이나 오류를 수정한다.	自転車のブレーキを[直した/なおした]ので、また通勤に使える。	자전거 브레이크를 [고쳤으니] 다시 출근할 때 쓸 수 있다.	名前の漢字が違うので、ここを[直して/なおして]ください。	이름 한자가 다르니 여기를 [고쳐] 주세요.
AbsoluteVerb_510	단단한 물체가 깨지다	충격 등으로 유리나 그릇에 금이 가거나 조각이 나요.	壊れる	고장 전반보다 단단한 것이 갈라지거나 조각 나는 상태다.	寒い朝、庭の薄い氷が足元で[割れた/われた]。	추운 아침, 정원의 얇은 얼음이 발밑에서 [깨졌다].	箱を開けたら、皿が一枚だけ[割れていた/われていた]。	상자를 열어 보니 접시가 한 장만 [깨져 있었다].
AbsoluteVerb_515	이전과 달라지다	모양이나 내용, 상태가 전과 달라져요.	変える	대상을 바꾸는 행동이 아니라 대상 자체가 변화한다.	引っ越してから、朝の過ごし方が[変わった/かわった]。	이사한 뒤 아침을 보내는 방식이 [달라졌다].	光の当たり方で、布の色が[変わって/かわって]見える。	빛이 닿는 방식에 따라 천의 색이 [달라] 보인다.
AbsoluteVerb_518	색이 배게 물들이다	염료 등을 이용해 재료의 색을 바꾸어요.	塗る	표면에 색을 바르는 것보다 섬유나 머리카락 안에 색이 배도록 한다.	白い布を玉ねぎの皮で[染めた/そめた]。	흰 천을 양파 껍질로 [물들였다].	髪を明るく[染める/そめる]前に、仕事の規則を確認した。	머리를 밝게 [염색하기] 전에 직장 규정을 확인했다.
AbsoluteVerb_521	자리를 비우다	내용물이나 차지한 것을 옮겨 빈 공간을 만들어요.	開ける	문을 여는 표기와 구별하여 공간이나 시간을 비게 만든다.	新しい本を置くため、棚を一段[空けた/あけた]。	새 책을 놓으려고 선반 한 칸을 [비웠다].	通路を[空けて/あけて]ください。大きな荷物が通ります。	통로를 [비워] 주세요. 큰 짐이 지나갑니다.
AbsoluteVerb_524	안에 채워 넣다	공간을 쓰도록 물건을 안쪽에 넣어 채워요.	入れる	안으로 넣는 것보다 제한된 공간을 채우거나 빽빽하게 넣는 느낌이다.	弁当箱にご飯を[詰めて/つめて]から、おかずを並べた。	도시락 통에 밥을 [담은] 뒤 반찬을 놓았다.	かばんに[詰めすぎた/つめすぎた]ので、ふたが閉まらない。	가방에 [너무 많이 넣어서] 뚜껑이 닫히지 않는다.
AbsoluteVerb_528	이어진 것이 끊어지다	줄이나 연결 부분이 갈라져 더는 이어져 있지 않아요.	外れる	연결 부품이 제자리에서 벗어나는 것과 달리 줄 자체가 갈라져 연결이 끊어진다.	古い靴ひもが[切れた/きれた]ので、途中で結び直した。	오래된 신발 끈이 [끊어져서] 도중에 다시 묶었다.	釣り糸が[切れない/きれない]ように、ゆっくり引いて。	낚싯줄이 [끊어지지 않도록] 천천히 당겨.
AbsoluteVerb_532	가늘고 단단한 것을 부러뜨리다	긴 물건을 구부려 한 부분에서 꺾이게 해요.	折れる	대상 자체가 부러지는 것과 달리 누군가 꺾어 부러뜨린다.	焚き火に入る長さに、枯れ枝を[折った/おった]。	모닥불에 들어갈 길이로 마른 가지를 [부러뜨렸다].	鉛筆の芯を[折らない/おらない]よう、力を抜いて書いて。	연필심을 [부러뜨리지 않도록] 힘을 빼고 써.
AbsoluteVerb_535	몸에 살이 찌다	몸의 지방이나 체중이 늘어나는 변화예요.	増える	수량 전반의 증가가 아니라 몸이 살쪄 두꺼워지는 변화다.	少し[太った/ふとった]らしく、去年のズボンがきつい。	조금 [살이 찐] 것인지 작년 바지가 꽉 낀다.	この猫、冬になってから[太ってきた/ふとってきた]ね。	이 고양이, 겨울이 되고 나서 [살이 찌기 시작했네].
AbsoluteVerb_538	나라나 지역을 다스리다	질서를 세우고 정치적으로 통치해요.	納める	돈을 내는 표기와 달리 지역이나 나라를 통치한다는 뜻이다.	昔、この地方を[治めた/おさめた]王の城が、丘の上に残っている。	옛날에 이 지방을 [다스린] 왕의 성이 언덕 위에 남아 있다.	広い国を[治める/おさめる]には、多くの人の助けが必要だった。	넓은 나라를 [다스리려면] 많은 사람의 도움이 필요했다.
AbsoluteVerb_542	한쪽으로 치우치다	여러 방향이나 종류에 고르게 분포하지 않아요.	傾く	물리적으로 기울어지는 뜻보다 구성이나 판단이 한쪽에 몰린 상태에 잘 쓴다.	食事が肉に[偏っている/かたよっている]ので、野菜を増やしたい。	식사가 고기에 [치우쳐 있어서] 채소를 늘리고 싶다.	一人の話だけでは判断が[偏る/かたよる]から、両方に聞こう。	한 사람의 말만으로는 판단이 [치우치니] 양쪽에 물어보자.
AbsoluteVerb_545	필요한 양에 충분하다	쓰거나 나누는 데 모자라지 않을 만큼 있어요.	余る	필요 이상으로 남는 것까지 뜻하지 않고 필요한 양을 충족한다.	椅子は十脚で[足りる/たりる]？ もう二つ持って来ようか。	의자는 열 개면 [충분해]? 두 개 더 가져올까?	現金が[足りなかった/たりなかった]ので、カードで払った。	현금이 [부족해서] 카드로 지불했다.
AbsoluteVerb_548	똑바로 서게 하다	눕거나 기울어 있던 물체를 수직에 가깝게 놓아요.	建てる	건물을 짓는 뜻과 달리 물체를 서 있는 자세로 만든다.	倒れた看板を[立てて/たてて]、足元に重りを置いた。	쓰러진 간판을 [세우고] 밑에 추를 놓았다.	傘は壁に[立てず/たてず]、傘立てに入れてください。	우산은 벽에 [세우지 말고] 우산꽂이에 넣어 주세요.
AbsoluteVerb_551	넓게 퍼지다	영역이나 범위가 점점 더 넓어져요.	広げる	누군가 펼치는 행동이 아니라 대상 자체의 범위가 커진다.	インクの染みが紙の上に[広がった/ひろがった]。	잉크 얼룩이 종이 위에 [퍼졌다].	頂上に出ると、目の前に草原が[広がっていた/ひろがっていた]。	정상으로 나오니 눈앞에 초원이 [펼쳐져 있었다].
AbsoluteVerb_554	액체를 실수로 쏟다	담긴 액체나 작은 알갱이를 밖으로 흘려요.	流す	의도적으로 흘려보내는 것보다 용기 밖으로 넘치거나 떨어뜨리는 상황이다.	コーヒーを[こぼして/こぼして]、大事な書類を汚してしまった。	커피를 [쏟아서] 중요한 서류를 더럽히고 말았다.	スープを[こぼさない/こぼさない]ように、両手で運んだ。	수프를 [쏟지 않도록] 양손으로 옮겼다.
AbsoluteVerb_557	일부가 남다	대부분 없어지거나 떠난 뒤에도 일부가 있어요.	残す	의도적으로 남겨 두는 행동과 달리 대상이 남아 있는 상태다.	会場には、片づけをする三人だけが[残った/のこった]。	행사장에는 정리할 세 사람만 [남았다].	切った布が少し[残っている/のこっている]から、袋を作れそうだ。	자른 천이 조금 [남아 있으니] 주머니를 만들 수 있을 것 같다.
AbsoluteVerb_560	정해진 공간에 들어가다	넣으려는 것이 공간이나 범위를 넘지 않고 안에 맞아요.	入る	일반적인 들어감보다 정해진 크기 안에 알맞게 들어가는 결과를 나타낸다.	本が全部一つの箱に[収まった/おさまった]。	책이 전부 한 상자에 [들어갔다].	この机が窓の下の空間に[収まる/おさまる]か、幅を測ってみよう。	이 책상이 창문 아래 공간에 [들어갈지] 너비를 재어 보자.
AbsoluteVerb_564	거리가 가까워지다	사람이나 물체가 점점 더 가까이 와요.	近付ける	누군가 대상을 가까이 놓는 것과 달리 대상 스스로 가까워진다.	鳥に[近付いた/ちかづいた]とたん、飛んでいってしまった。	새에게 [다가간] 순간 날아가 버렸다.	足音がだんだん[近付いてくる/ちかづいてくる]ので、ドアを開けた。	발소리가 점점 [다가오므로] 문을 열었다.
AbsoluteVerb_567	기한이나 일정이 뒤로 미뤄지다	예정된 끝이나 날짜가 더 나중이 돼요.	伸びる	물리적인 길이가 늘어나는 표기와 구별하여 시간이나 일정이 늘어진다.	雨で工事が遅れ、完成が一か月[延びた/のびた]。	비로 공사가 늦어져 완공이 한 달 [미뤄졌다].	締め切りが[延びた/のびた]ので、もう一度内容を見直せる。	마감이 [연기되어서] 내용을 다시 한번 검토할 수 있다.
AbsoluteVerb_570	모습이나 성질이 닮다	두 대상에 비슷한 점이 있어요.	似合う	보기 좋게 어울리는 것과 달리 특징 자체가 비슷하다는 뜻이다.	妹は顔だけでなく、笑い方も母に[似ている/にている]。	여동생은 얼굴뿐 아니라 웃는 모습도 어머니를 [닮았다].	二つの鍵が[似ていて/にていて]、いつも取り違えてしまう。	두 열쇠가 [비슷해서] 늘 잘못 집고 만다.
AbsoluteVerb_573	접힌 것을 펴거나 열다	안쪽이 보이도록 양쪽이나 접힌 부분을 벌려요.	開ける	문이나 뚜껑을 여는 것과 겹치지만 책이나 지도처럼 펼치는 대상에도 잘 쓴다.	地図を[開いた/ひらいた]ら、風で端がめくれた。	지도를 [펼쳤더니] 바람에 끝이 뒤집혔다.	教科書を十ページに[開いて/ひらいて]、最初の図を見てください。	교과서 10쪽을 [펴고] 첫 번째 그림을 봐 주세요.
AbsoluteVerb_577	더 좋게 고치다	잘못되거나 부적절한 방식과 규칙을 새로 바로잡아요.	直す	고장 수리보다 태도나 제도 등을 검토해 새롭게 바꾸는 데 쓴다.	夜更かしの習慣を[改めて/あらためて]、朝に勉強することにした。	늦게 자는 습관을 [고쳐서] 아침에 공부하기로 했다.	実際の働き方に合わせて、古い規則を[改める/あらためる]必要がある。	실제 근무 방식에 맞춰 오래된 규칙을 [개정할] 필요가 있다.
AbsoluteVerb_580	조건에 들어맞다	정해진 조건이나 설명이 그 대상에도 적용돼요.	合う	맞는다는 일반적인 관계보다 조건이나 규칙에 해당하는지를 나타낸다.	この説明は、私の経験にもよく[当てはまる/あてはまる]。	이 설명은 내 경험에도 잘 [들어맞는다].	条件に[当てはまらない/あてはまらない]場合は、申請できません。	조건에 [해당하지 않는] 경우에는 신청할 수 없습니다.
AbsoluteVerb_583	상태를 유지하다	어떤 상태가 달라지거나 무너지지 않게 해요.	守る	규칙이나 대상을 지키는 것보다 온도와 균형 같은 상태를 유지한다.	食品の鮮度を[保つ/たもつ]ため、保冷剤を入れた。	식품의 신선도를 [유지하려고] 보냉제를 넣었다.	揺れる船の上で、何とか姿勢を[保った/たもった]。	흔들리는 배 위에서 어떻게든 자세를 [유지했다].
AbsoluteVerb_586	지시나 판단에 따르다	자기 행동을 누군가의 지시나 정해진 기준에 맞춰요.	守る	규칙을 지킨다는 말과 겹치지만 누군가의 판단이나 지시에 맞춰 움직이는 관계다.	係員の指示に[従って/したがって]、別の出口へ向かった。	담당자의 지시를 [따라] 다른 출구로 향했다.	今回は経験のある姉の判断に[従う/したがう]ことにした。	이번에는 경험 있는 누나의 판단을 [따르기로] 했다.
AbsoluteVerb_589	박혀 있던 것이 빠지다	안에 있거나 붙어 있던 부분이 밖으로 빠져나와요.	抜く	일부러 빼는 행동이 아니라 대상 자체가 빠져나온다.	子どもの歯が初めて[抜けた/ぬけた]。	아이의 이가 처음으로 [빠졌다].	釘が[抜けている/ぬけている]ので、この板は動いてしまう。	못이 [빠져 있어서] 이 판자는 움직이고 만다.
AbsoluteVerb_592	맞물린 곳에서 벗겨지다	제자리에 걸려 있던 부분이 떨어져 나와요.	外す	사람이 떼는 행동이 아니라 붙거나 걸린 것이 떨어지는 결과다.	自転車のチェーンが[外れて/はずれて]、坂の途中で止まった。	자전거 체인이 [벗겨져서] 언덕 중간에서 멈췄다.	眼鏡のねじが[外れた/はずれた]らしく、片方のつるがぐらぐらする。	안경 나사가 [빠진] 모양인지 한쪽 다리가 흔들린다.
AbsoluteVerb_595	목이 마르다	몸이 물을 원해서 마시고 싶어지는 상태예요.	乾く	물건의 수분이 마르는 표기와 달리 갈증을 나타낸다.	塩辛いものを食べたら、喉が[渇いた/かわいた]。	짠 것을 먹었더니 목이 [말랐다].	歩いていると喉が[渇く/かわく]から、水を持って行こう。	걷고 있으면 목이 [마르니] 물을 가져가자.
AbsoluteVerb_598	물에 젖게 하다	마른 물건에 액체를 묻혀 젖은 상태로 만들어요.	濡れる	대상이 젖는 쪽이 아니라 누군가 물기를 묻힌다.	布を水で[濡らして/ぬらして]、机を拭いた。	천을 물에 [적셔] 책상을 닦았다.	袖を[濡らさない/ぬらさない]ように、肘までまくった。	소매를 [적시지 않도록] 팔꿈치까지 걷었다.
AbsoluteVerb_601	액체 속에 담그다	물건을 액체 안에 넣어 잠기거나 충분히 젖게 해요.	漬ける	맛을 들이거나 절이는 목적이 없어도 액체 속에 잠기게 하면 쓸 수 있다.	乾いた豆を一晩、水に[浸した/ひたした]。	마른 콩을 하룻밤 물에 [담갔다].	汚れた筆は、お湯に[浸して/ひたして]少し待とう。	더러워진 붓은 따뜻한 물에 [담그고] 조금 기다리자.
AbsoluteVerb_604	목적지를 향해 가다	도착 여부보다 어느 방향으로 이동하는지를 말해요.	着く	목적지에 도달한 결과가 아니라 그쪽으로 가는 과정이다.	連絡を受けて、すぐ病院へ[向かった/むかった]。	연락을 받고 바로 병원으로 [향했다].	駅に[向かう/むかう]途中で、友達から電話が来た。	역으로 [향하는] 도중에 친구에게 전화가 왔다.
AbsoluteVerb_607	알아보도록 가리키다	방향이나 위치를 알아보게 드러내요. 손가락으로 가리키는 것과 뜻이 겹쳐요.	指す	방향과 위치를 가리키는 문맥에서 둘 다 가능하다. 이 말은 근거나 방침 등 추상적인 내용을 제시할 때까지 범위가 넓다.	矢印が出口の方向を[示している/しめしている]。	화살표가 출구 방향을 [가리키고 있다].	先生は星の位置を指で[示した/しめした]。	선생님은 별의 위치를 손가락으로 [가리켰다].
AbsoluteVerb_611	끊김 없이 이어지다	둘 사이가 연결되어 서로 통하거나 이어져 있어요.	繋ぐ	누군가 연결하는 행동과 달리 대상들이 연결된 상태다.	この廊下は隣の建物に[繋がっている/つながっている]。	이 복도는 옆 건물로 [이어져 있다].	何度かけても電話が[繋がらない/つながらない]ので、メールを送った。	몇 번 걸어도 전화가 [연결되지 않아서] 이메일을 보냈다.
AbsoluteVerb_614	비교 대상보다 낫다	능력이나 성질의 정도가 상대보다 우수해요.	勝つ	경기에서 승리하는 결과보다 비교한 성질이나 능력이 우수하다는 뜻이다.	体力では弟が私に[勝っている/まさっている]。	체력에서는 남동생이 나보다 [낫다].	値段は同じだが、丈夫さではこちらが[勝る/まさる]。	가격은 같지만 튼튼함에서는 이쪽이 [낫다].
AbsoluteVerb_617	둘 이상을 비교하다	공통 기준으로 차이나 공통점을 살펴봐요.	選ぶ	하나를 고르는 결과보다 판단 전에 여러 대상을 대조하는 행동이다.	二つの写真を[比べる/くらべる]と、町の変化がよく分かる。	사진 두 장을 [비교하면] 마을의 변화가 잘 보인다.	値段だけで[比べず/くらべず]、重さも確かめよう。	가격만으로 [비교하지 말고] 무게도 확인하자.
AbsoluteVerb_620	하나가 여러 갈래로 나뉘다	이어져 있던 길이나 무리가 따로 갈라져요.	別れる	사람과 헤어지는 표기와 구별하여 갈래나 집단이 나뉘는 경우다.	橋の先で道が二つに[分かれている/わかれている]。	다리 건너편에서 길이 두 갈래로 [갈라져 있다].	人数が多いので、三つの班に[分かれよう/わかれよう]。	인원이 많으니 세 조로 [나뉘자].
AbsoluteVerb_623	겸손히 말씀드리다	상대를 높이기 위해 내가 말하는 행동을 낮춰 표현해요.	おっしゃる	윗사람의 말하기를 높이는 것과 달리 자신이 말하는 행동을 낮춘다.	皆様に、心からお礼を[申し上げます/もうしあげます]。	여러분께 진심으로 감사의 말씀을 [드립니다].	先ほど[申し上げた/もうしあげた]とおり、出発は九時です。	아까 [말씀드린] 대로 출발은 9시입니다.
AbsoluteVerb_626	겸손히 받다	상대의 호의를 받아 내 쪽에 얻는 행동을 낮춰 말해요.	下さる	윗사람이 주는 행동을 높이는 것과 달리 내가 받는 행동을 낮춘다.	先生から[いただいた/いただいた]辞書を、今も使っています。	선생님께 [받은] 사전을 지금도 쓰고 있습니다.	資料を一部[いただけます/いただけます]か。	자료를 한 부 [받을 수 있을까요]?
AbsoluteVerb_629	윗사람이 말씀하시다	높이는 사람이 말한 내용을 전할 때 써요.	申し上げる	내가 말씀드리는 겸양 표현과 달리 상대가 말하는 행동을 높인다.	先生が[おっしゃった/おっしゃった]言葉を、手帳に書き留めた。	선생님이 [말씀하신] 말을 수첩에 적어 두었다.	今、何と[おっしゃいました/おっしゃいました]か。もう一度お願いします。	방금 뭐라고 [말씀하셨나요]? 다시 한번 부탁드립니다.
AbsoluteVerb_632	윗사람이 계시다	높여 말하는 사람이 어느 곳에 있는지를 나타내요.	おる	자기 쪽의 존재를 낮추는 말과 달리 상대의 존재를 높인다. 여기서는 이동이 아닌 존재 용법을 학습한다.	先生は今、研究室に[いらっしゃいます/いらっしゃいます]。	선생님은 지금 연구실에 [계십니다].	社長はまだ会議室に[いらっしゃる/いらっしゃる]ので、ここでお待ちください。	사장님은 아직 회의실에 [계시니] 여기서 기다려 주세요.
AbsoluteVerb_635	윗사람이 보시다	상대가 보는 행동을 높여 말해요.	拝見する	내가 보는 행동을 낮추는 말과 반대로 상대의 행동을 높인다.	先生、こちらの写真はもう[ご覧になりました/ごらんになりました]か。	선생님, 이 사진은 벌써 [보셨나요]?	資料を[ご覧になれば/ごらんになれば]、変更点が分かると思います。	자료를 [보시면] 변경 사항을 아실 수 있을 것 같습니다.
AbsoluteVerb_638	음식을 요리하다	재료를 손질하고 조리하여 먹을 것을 만들어요.	調理する	뜻이 겹치며 이 표현은 일상에서 음식을 만드는 일을 널리 말한다.	今日は私が[料理する/りょうりする]から、あなたは休んでいて。	오늘은 내가 [요리할] 테니 당신은 쉬고 있어.	買ってきた魚をすぐに[料理した/りょうりした]ので、新鮮な味を楽しめた。	사 온 생선을 바로 [요리해서] 신선한 맛을 즐길 수 있었다.
AbsoluteVerb_641	필요한 것을 준비하다	일을 시작하기 전에 갖춰야 할 것을 마련해요.	用意する	뜻이 많이 겹치며 물건뿐 아니라 계획과 연습 등을 갖추는 과정도 포괄한다.	停電に備えて、懐中電灯を[準備した/じゅんびした]。	정전에 대비해 손전등을 [준비했다].	発表の資料はもう[準備してあります/じゅんびしてあります]。	발표 자료는 이미 [준비해 두었습니다].
AbsoluteVerb_644	집 밖 식당에서 식사하다	직접 차려 먹기보다 가게에 가서 식사해요.	食べに行く	먹으러 가는 이동보다 집 밖 식당에서 식사하는 방식에 초점이 있다.	台所の工事中は、毎晩[外食していた/がいしょくしていた]。	부엌 공사 중에는 매일 밤 [외식하고 있었다].	今日は記念日だから、たまには[外食しよう/がいしょくしよう]。	오늘은 기념일이니 모처럼 [외식하자].
AbsoluteVerb_647	잘하게 되도록 연습하다	같은 동작이나 활동을 해 보며 실력을 길러요.	訓練する	특수한 대응 능력의 체계적인 훈련보다 곡이나 동작을 익히는 일상 연습에도 쓴다.	人がいない公園で、ダンスを[練習した/れんしゅうした]。	사람이 없는 공원에서 춤을 [연습했다].	毎日少しずつ[練習すれば/れんしゅうすれば]、この曲も弾けるようになるよ。	매일 조금씩 [연습하면] 이 곡도 연주할 수 있게 될 거야.
AbsoluteVerb_650	학교에 입학하다	학생 자격을 얻어 새 학교에 들어가요.	入る	공간에 들어가는 일반적인 행동과 구별하여 정식 학생이 된다.	娘が小学校に[入学する/にゅうがくする]ので、机を用意した。	딸이 초등학교에 [입학하므로] 책상을 준비했다.	この大学に[入学して/にゅうがくして]、初めて一人暮らしを始めた。	이 대학에 [입학하고] 처음으로 자취를 시작했다.
AbsoluteVerb_653	모르는 것을 질문하다	답을 얻기 위해 상대에게 내용을 물어요.	相談する	조언을 구하며 함께 생각하는 것보다 특정 답을 요청하는 행동이다.	説明の後で、気になった点を[質問した/しつもんした]。	설명 뒤에 궁금했던 점을 [질문했다].	分からないままにせず、今のうちに[質問して/しつもんして]ください。	모르는 채로 두지 말고 지금 [질문해] 주세요.
AbsoluteVerb_656	직장을 얻어 취업하다	일할 곳이 정해져 직장 생활을 시작해요.	働く	일하는 행동 전반이 아니라 직장을 얻는 시점을 나타낸다.	兄は大学を卒業して、地元の病院に[就職した/しゅうしょくした]。	형은 대학을 졸업하고 고향 병원에 [취업했다].	来春[就職する/しゅうしょくする]友達に、通勤用のかばんを贈った。	내년 봄에 [취업하는] 친구에게 출근용 가방을 선물했다.
AbsoluteVerb_659	회사로 출근하다	일을 하려고 회사에 나와요.	出勤する	근무 장소 전반에 쓰는 말보다 회사에 나오는 경우를 나타낸다.	電車が止まったので、一時間遅れて[出社した/しゅっしゃした]。	전철이 멈춰서 한 시간 늦게 [출근했다].	明日は[出社せず/しゅっしゃせず]、自宅から会議に参加します。	내일은 [출근하지 않고] 집에서 회의에 참여하겠습니다.
AbsoluteVerb_662	원하는 결과를 내지 못하다	시도한 일이 목표대로 되지 않아요.	間違える	잘못된 선택이나 답 자체보다 시도의 결과가 목표에 못 미친다.	初めてのパン作りに[失敗した/しっぱいした]が、原因は分かった。	첫 빵 만들기에 [실패했지만] 원인은 알았다.	[失敗しても/しっぱいしても]、材料はまだあるからやり直せる。	[실패해도] 재료는 아직 있으니 다시 할 수 있다.
AbsoluteVerb_665	상태를 살펴 관리하다	물건이나 정보가 제대로 유지되도록 살피고 처리해요.	保管する	보관만 하는 것보다 상태와 사용을 계속 점검하고 조절하는 일이다.	この建物の鍵は、受付で[管理している/かんりしている]。	이 건물의 열쇠는 접수대에서 [관리하고 있다].	一人で全部の予定を[管理する/かんりする]のは大変だ。	혼자 모든 일정을 [관리하기는] 힘들다.
AbsoluteVerb_668	미리 이용을 예약하다	나중에 사용할 자리나 서비스를 미리 확보해요.	約束する	사람 사이의 약속 전반보다 시설이나 서비스의 이용을 미리 정한다.	窓側の席を[予約した/よやくした]ので、景色を楽しめそうだ。	창가 자리를 [예약했으니] 경치를 즐길 수 있을 것 같다.	この店は[予約しないと/よやくしないと]、週末は入れないらしい。	이 가게는 [예약하지 않으면] 주말에 들어갈 수 없다고 한다.
AbsoluteVerb_671	어려운 일에 도전하다	쉽지 않은 목표에 용기를 내어 시도해요.	試す	가능한지 시험하는 넓은 행동보다 어려운 목표에 맞서는 태도가 있다.	泳げるようになったので、今年は海での遠泳に[挑戦する/ちょうせんする]。	수영할 수 있게 되었으니 올해는 바다 장거리 수영에 [도전한다].	苦手だった早口言葉に[挑戦した/ちょうせんした]ら、家族に笑われた。	잘 못하던 잰말놀이에 [도전했더니] 가족이 보고 웃었다.
AbsoluteVerb_674	직접 겪다	이야기로 아는 것에서 나아가 실제로 해 보거나 겪어요.	知る	정보로 알게 되는 것과 달리 당사자로서 실제로 겪는다.	停電を[経験して/けいけんして]、懐中電灯の大切さを知った。	정전을 [경험하고] 손전등의 중요성을 알았다.	こんな静かな夜は、都会では[経験できない/けいけんできない]。	이렇게 조용한 밤은 도시에서는 [경험할 수 없다].
AbsoluteVerb_677	소식을 연락하다	상대가 알아야 할 소식이나 상황을 전해요.	報告する	위나 관계자에게 결과를 보고하는 것에 한정하지 않고 일상적인 소식을 주고받는다.	無事に着いたら、母に[連絡して/れんらくして]ね。	무사히 도착하면 엄마에게 [연락해] 줘.	番号が変わっていて、友達に[連絡できなかった/れんらくできなかった]。	번호가 바뀌어 있어서 친구에게 [연락할 수 없었다].
AbsoluteVerb_680	잔을 들며 건배하다	기쁨이나 축하를 나누며 함께 잔을 들어요.	飲む	마시는 일반 행동보다 축하의 말을 하며 잔을 드는 의식이다.	全員の合格を祝って、ジュースで[乾杯した/かんぱいした]。	전원 합격을 축하하며 주스로 [건배했다].	料理がそろう前に、まず[乾杯しましょう/かんぱいしましょう]。	음식이 다 나오기 전에 먼저 [건배합시다].
AbsoluteVerb_683	원하는 상품이나 음식을 주문하다	제공받을 품목을 골라 판매자에게 요청해요.	頼む	부탁 전반보다 상점이나 식당에서 살 것을 지정하는 행위다.	辛くない料理を[注文した/ちゅうもんした]つもりが、真っ赤な皿が来た。	맵지 않은 음식을 [주문한] 줄 알았는데 새빨간 요리가 나왔다.	インクが切れる前に、新しいものを[注文して/ちゅうもんして]おこう。	잉크가 떨어지기 전에 새것을 [주문해] 두자.
AbsoluteVerb_686	전파나 음성으로 방송하다	많은 사람이 듣거나 볼 수 있도록 내용을 내보내요.	配信する	인터넷 전송 중심인 말과 겹치지만 라디오·텔레비전·구내 방송에 널리 쓴다.	試合は今夜、テレビで[放送される/ほうそうされる]。	경기는 오늘 밤 텔레비전으로 [방송된다].	駅では、落とし物の案内を何度も[放送していた/ほうそうしていた]。	역에서는 분실물 안내를 여러 번 [방송하고 있었다].
AbsoluteVerb_689	글을 다른 언어로 옮기다	적힌 내용을 뜻이 통하도록 다른 언어의 글로 바꿔요.	通訳する	말을 실시간으로 옮기는 것보다 문서나 글을 다른 언어로 옮긴다.	祖母の手紙を日本語に[翻訳して/ほんやくして]、友達に見せた。	할머니의 편지를 일본어로 [번역해서] 친구에게 보여 주었다.	この詩は直訳すると不自然なので、丁寧に[翻訳したい/ほんやくしたい]。	이 시는 직역하면 부자연스러우니 신중하게 [번역하고 싶다].
AbsoluteVerb_692	더 나은 방법을 궁리하다	문제를 해결하도록 방법이나 배치를 바꿔 생각해요.	考える	생각하는 활동 전반보다 실용적인 개선책을 생각해 내는 데 초점이 있다.	持ちやすいように、箱の取っ手を[工夫した/くふうした]。	잡기 쉽도록 상자 손잡이를 [고안했다].	道具が少なくても、[工夫すれば/くふうすれば]おいしく作れる。	도구가 적어도 [궁리하면] 맛있게 만들 수 있다.
AbsoluteVerb_695	여러 사람 앞에 발표하다	정리한 내용이나 새로운 사실을 공개적으로 알려요.	説明する	내용을 이해시키는 것보다 청중에게 공개해 알리는 행위다.	調べたことをクラスで[発表した/はっぴょうした]。	조사한 내용을 반에서 [발표했다].	詳しい日程は、来週[発表します/はっぴょうします]。	자세한 일정은 다음 주에 [발표하겠습니다].
AbsoluteVerb_698	돌보고 보살피다	필요한 먹이나 생활상의 도움을 챙겨 주어요.	育てる	성장시키는 목적뿐 아니라 잠시 맡아 일상을 돌보는 경우도 포함한다.	旅行中の友達に頼まれ、猫を[世話している/せわしている]。	여행 중인 친구의 부탁으로 고양이를 [돌보고 있다].	祖父が病気の間、家族が交代で[世話した/せわした]。	할아버지가 아프신 동안 가족이 번갈아 [보살폈다].
AbsoluteVerb_701	고장 난 물건을 수리하다	망가진 부분을 고쳐 다시 쓸 수 있게 해요.	修正する	글이나 수치를 바로잡는 것과 달리 물리적인 물건의 고장을 고친다.	古い時計を[修理した/しゅうりした]ら、また音が鳴るようになった。	오래된 시계를 [수리했더니] 다시 소리가 나게 되었다.	買い替える前に、[修理できる/しゅうりできる]か聞いてみよう。	새로 사기 전에 [수리할 수 있는지] 물어보자.
AbsoluteVerb_704	잘 살펴 검토하다	결정하기 전에 조건과 문제를 따져 봐요.	確認する	이미 아는 것을 확인하는 것보다 여러 측면을 살펴 판단하는 과정이다.	三つの案を[検討した/けんとうした]結果、一番安全な方法を選んだ。	세 방안을 [검토한] 결과 가장 안전한 방법을 골랐다.	すぐには答えられないので、一度社内で[検討します/けんとうします]。	바로는 답할 수 없으니 한번 사내에서 [검토하겠습니다].
AbsoluteVerb_707	좋은 결과를 기대하다	앞으로 바람직한 일이 생기기를 바라며 기다려요.	予想する	중립적인 예측과 달리 좋은 결과를 바라는 마음이 담긴다.	新しい店に[期待していた/きたいしていた]だけに、休業で残念だった。	새 가게에 [기대하고 있었던] 만큼 휴업이라 아쉬웠다.	次の作品にも[期待しています/きたいしています]。ぜひまた読ませてください。	다음 작품도 [기대하고 있습니다]. 꼭 다시 읽게 해 주세요.
AbsoluteVerb_710	상태를 그대로 유지하다	지금의 수준이나 기능이 떨어지지 않게 이어 가요.	保存する	물건을 보존하는 것보다 수준이나 체제 등 현재 상태를 지속한다.	体力を[維持する/いじする]ため、毎朝三十分歩いている。	체력을 [유지하려고] 매일 아침 30분 걷고 있다.	店は人数を減らしても、サービスの質を[維持した/いじした]。	가게는 인원을 줄였어도 서비스의 질을 [유지했다].
AbsoluteVerb_713	일정 기간 머무르다	거주지를 완전히 옮기는 것이 아니라 방문한 곳에서 지내요.	住む	생활의 본거지를 정하는 것보다 여행이나 방문 중 일정 기간 머무는 뜻이다.	仕事で京都に一週間[滞在した/たいざいした]。	일 때문에 교토에 일주일 [머물렀다].	祖母の村にはもう少し[滞在したい/たいざいしたい]が、明日は仕事だ。	할머니 마을에는 조금 더 [머물고 싶지만] 내일은 일해야 한다.
AbsoluteVerb_716	해결을 위해 상의하다	혼자 결정하기 어려운 일을 함께 생각하고 조언을 구해요.	質問する	하나의 답을 묻는 것보다 사정을 나누고 해결 방법을 의논한다.	進路について先生に[相談した/そうだんした]ら、別の選択肢が見えた。	진로에 대해 선생님과 [상담했더니] 다른 선택지가 보였다.	大きな買い物だから、家族と[相談して/そうだんして]から決めます。	큰 지출이니 가족과 [상의한] 뒤 결정하겠습니다.
AbsoluteVerb_719	어려움을 겪으며 고생하다	일을 해내는 동안 수고와 어려움이 많이 들어요.	努力する	열심히 하는 태도보다 실제로 어려움을 겪은 과정이 강조된다.	引っ越し先を探すのに、ずいぶん[苦労した/くろうした]。	이사 갈 집을 찾느라 무척 [고생했다].	同じことで[苦労しない/くろうしない]ように、手順を残しておく。	같은 일로 [고생하지 않도록] 절차를 남겨 둔다.
AbsoluteVerb_722	깊이 사랑하다	사람이나 대상을 소중히 여기며 깊은 애정을 가져요.	好きだ	가벼운 선호보다 깊고 지속적인 애정을 나타낸다.	祖父は最後まで故郷の海を[愛していた/あいしていた]。	할아버지는 마지막까지 고향의 바다를 [사랑하셨다].	形が変わっても、この町を[愛する/あいする]気持ちは変わらない。	모습이 바뀌어도 이 마을을 [사랑하는] 마음은 변하지 않는다.
AbsoluteVerb_725	안 좋을까 봐 걱정하다	좋지 않은 일이 일어날 가능성 때문에 마음이 놓이지 않아요.	気にする	남의 시선이나 사소한 일에 신경 쓰는 것보다 앞일이나 안전에 대한 우려다.	帰りが遅くなり、母が[心配していた/しんぱいしていた]。	귀가가 늦어져 어머니가 [걱정하고 계셨다].	そんなに[心配しないで/しんぱいしないで]。着いたらすぐ知らせるから。	그렇게 [걱정하지 마]. 도착하면 바로 알려 줄게.
AbsoluteVerb_728	욱신거리며 아프다	맥박처럼 반복해서 쑤시는 통증이에요.	ちくちくする	바늘로 콕콕 찌르는 가벼운 자극보다 속에서 반복적으로 욱신거리는 통증이다.	抜いた歯の周りが、夜になって[ずきずきしてきた/ずきずきしてきた]。	뽑은 이 주변이 밤이 되자 [욱신거리기 시작했다].	頭が[ずきずきする/ずきずきする]ので、明かりを消して休んだ。	머리가 [욱신거려서] 불을 끄고 쉬었다.
AbsoluteVerb_731	표면이 까칠까칠하다	만졌을 때 고르지 않은 작은 돌기가 느껴져요.	ごつごつする	큰 돌기와 울퉁불퉁함보다 작고 거친 입자의 촉감이다.	この紙は裏側が[ざらざらしている/ざらざらしている]。	이 종이는 뒷면이 [까칠까칠하다].	砂がついたせいか、机を拭いてもまだ[ざらざらする/ざらざらする]。	모래가 묻은 탓인지 책상을 닦아도 아직 [까칠까칠하다].
AbsoluteVerb_734	맛이 담백하다	기름지거나 진하지 않아 먹기에 부담이 적어요.	薄い	간이 부족하다는 뜻과 달리 맛이 가볍고 깔끔하다는 평가다.	このスープは[あっさりしていて/あっさりしていて]、朝でも飲みやすい。	이 수프는 [담백해서] 아침에도 마시기 편하다.	揚げ物の後なので、[あっさりした/あっさりした]おかずが欲しい。	튀김을 먹은 뒤라 [담백한] 반찬이 먹고 싶다.
AbsoluteVerb_737	느긋하게 시간을 보내다	서두르지 않고 마음 편히 쉬며 지내요.	だらだらする	흐트러지게 시간을 보내는 부정적 느낌보다 편안한 여유가 중심이다.	休日は庭でお茶を飲みながら[のんびりした/のんびりした]。	휴일에는 정원에서 차를 마시며 [느긋하게 보냈다].	今日は予定を入れず、家で[のんびりしよう/のんびりしよう]。	오늘은 일정을 잡지 말고 집에서 [느긋하게 쉬자].
AbsoluteVerb_740	목적 없이 이리저리 돌아다니다	갈 곳을 못 정하거나 찾지 못해 한곳에 머물지 못해요.	ぶらぶらする	한가롭게 산책하는 느낌보다 방향을 못 잡고 왔다 갔다 하는 모습에도 잘 쓴다.	出口が分からず、駅の中を[うろうろした/うろうろした]。	출구를 몰라 역 안을 [이리저리 돌아다녔다].	店の前で[うろうろしている/うろうろしている]と、店員が声をかけてくれた。	가게 앞에서 [서성이고 있으니] 점원이 말을 걸어 주었다.
AbsoluteVerb_743	주의가 풀려 깜빡하다	집중하지 못한 탓에 해야 할 것을 놓쳐요.	忘れる	잊는 결과보다 잠깐 부주의했던 상태를 나타낸다.	[うっかりして/うっかりして]、郵便を出すのを忘れた。	[깜빡해서] 우편 보내는 것을 잊었다.	名前を書き忘れるなんて、[うっかりした/うっかりした]な。	이름 쓰는 것을 잊다니, [깜빡했네].
AbsoluteVerb_746	기대가 어긋나 실망하다	기대가 어긋나 기운이 빠져요. 실망을 일상적으로 생생하게 표현해요.	失望する	실망이라는 뜻이 겹치며 이 표현은 일상적이고 즉각적으로 기운이 빠지는 느낌을 잘 드러낸다.	楽しみにしていた店が閉まっていて、[がっかりした/がっかりした]。	기대했던 가게가 닫혀 있어서 [실망했다].	プレゼントが本だと知って弟は[がっかりしていた/がっかりしていた]が、読み始めると夢中になった。	선물이 책이라는 것을 알고 남동생은 [실망하고 있었지만] 읽기 시작하자 빠져들었다.
AbsoluteVerb_749	위태로워 조마조마하다	일이 잘못될까 조마조마해요. 몸의 두근거림보다 상황을 지켜보는 불안이 중심이에요.	どきどきする	심장이 뛰는 긴장이나 기대 전반보다 남의 행동과 경기 전개가 잘못될까 마음을 졸이는 데 잘 쓴다.	子どもが高い木に登るのを見て、[はらはらした/はらはらした]。	아이가 높은 나무에 오르는 것을 보고 [조마조마했다].	最後まで[はらはらする/はらはらする]試合だったが、無事に勝てた。	마지막까지 [조마조마한] 경기였지만 무사히 이겼다.
AbsoluteVerb_752	뜻대로 되지 않아 짜증 나다	기다림이나 방해 때문에 마음이 조급하고 불편해요.	焦る	시간에 쫓기는 초조함과 겹치지만 거슬리는 일에 대한 짜증이 두드러진다.	何度押しても画面が変わらず、[いらいらした/いらいらした]。	몇 번 눌러도 화면이 바뀌지 않아 [짜증이 났다].	待ち時間に[いらいらしない/いらいらしない]よう、本を持ってきた。	대기 시간에 [짜증 내지 않도록] 책을 가져왔다.
AbsoluteVerb_755	순간적으로 흠칫하다	뜻밖의 말이나 깨달음에 순간적으로 정신이 번쩍 들어요.	びっくりする	놀람과 겹치지만 갑자기 무언가를 깨달아 정신을 차리는 순간에도 쓴다.	名前を呼ばれて[はっとした/はっとした]。考え事をしていたのだ。	이름을 불러 [퍼뜩 정신이 들었다]. 생각에 잠겨 있었던 것이다.	子どもの一言に[はっとして/はっとして]、自分の言い方を反省した。	아이의 한마디에 [흠칫하여] 내 말투를 반성했다.
AbsoluteVerb_758	좋은 향기가 나다	주변에서 꽃이나 음식의 향긋한 냄새를 느껴요.	匂いがする	좋고 나쁜 냄새 모두를 말하는 것보다 기분 좋은 향에 잘 쓴다.	店の前まで来ると、焼きたてのパンの[香りがした/かおりがした]。	가게 앞까지 오니 갓 구운 빵의 [향기가 났다].	この石けんからは、ほのかに花の[香りがする/かおりがする]。	이 비누에서는 은은하게 꽃[향기가 난다].
AbsoluteVerb_761	어떤 느낌이 들다	확정된 사실이라기보다 직접 받은 인상을 말해요.	気がする	막연한 생각을 말하는 표현과 겹치지만 감각이나 분위기의 인상에도 자연스럽다.	この部屋は、前より広くなった[感じがする/かんじがする]。	이 방은 전보다 넓어진 [느낌이 든다].	久しぶりに会った彼は、少し疲れている[感じがした/かんじがした]。	오랜만에 만난 그는 조금 지쳐 있는 [느낌이 들었다].
AbsoluteVerb_764	앞일에 대한 예감이 들다	뚜렷한 근거 없이 앞으로 일어날 일을 미리 느껴요.	気がする	현재의 인상도 말하는 표현보다 아직 일어나지 않은 미래에 대한 느낌이다.	今日はいいことが起きそうな[予感がする/よかんがする]。	오늘은 좋은 일이 생길 듯한 [예감이 든다].	電話が鳴った瞬間、嫌な[予感がした/よかんがした]。	전화가 울린 순간 불길한 [예감이 들었다].
AbsoluteVerb_767	머리가 아프다	머리 부분에 통증을 느껴요.	めまいがする	빙빙 도는 어지러움이 아니라 머리가 아픈 증상이다.	朝から[頭痛がする/ずつうがする]ので、今日は早く帰りたい。	아침부터 [머리가 아파서] 오늘은 일찍 돌아가고 싶다.	昨日は[頭痛がして/ずつうがして]、本を一ページも読めなかった。	어제는 [머리가 아파서] 책을 한 쪽도 읽지 못했다.
AbsoluteVerb_770	가슴 쪽 속이 쓰리다	먹은 뒤 가슴 안쪽이 타는 듯 불편한 느낌이에요.	胸が痛い	가슴 통증 전반이나 마음의 아픔과 달리 속쓰림을 가리킨다.	油の多い料理を食べた後、[胸焼けがした/むねやけがした]。	기름진 음식을 먹은 뒤 [속이 쓰렸다].	今は[胸焼けがする/むねやけがする]から、コーヒーはやめておく。	지금은 [속이 쓰리니] 커피는 마시지 않겠다.
AbsoluteVerb_773	어떤 차림을 하고 있다	입은 옷과 전체적인 외양을 함께 묘사해요.	服を着ている	특정 옷을 입는 것보다 전체 차림새를 평가하거나 묘사한다.	弟は真冬なのに、夏のような[格好をしている/かっこうをしている]。	남동생은 한겨울인데 여름 같은 [차림을 하고 있다].	駅で待っていた友達は、いつもと違う[格好をしていた/かっこうをしていた]。	역에서 기다리던 친구는 평소와 다른 [차림을 하고 있었다].
AbsoluteVerb_776	어떤 체형을 가지고 있다	사람의 골격이나 몸의 전체적인 생김새를 묘사해요.	格好をしている	옷차림과 외모 전반보다 몸 자체의 형태를 나타낸다.	あの選手は、細いががっしりした[体つきをしている/からだつきをしている]。	저 선수는 날씬하지만 다부진 [체형을 가지고 있다].	兄弟なのに、二人はまったく違う[体つきをしていた/からだつきをしていた]。	형제인데도 두 사람은 전혀 다른 [체형을 가지고 있었다].
AbsoluteVerb_779	어떤 표정의 얼굴을 하고 있다	얼굴에서 감정이 드러나는 모습을 말해요.	顔つき	얼굴 생김새나 인상을 명사로 가리키는 표현과 달리 특정 표정이 드러난 상태를 서술한다.	何かあったの？ ずいぶん困った[顔をしている/かおをしている]ね。	무슨 일 있었어? 무척 난처한 [얼굴을 하고 있네].	試合の後、選手は満足そうな[顔をしていた/かおをしていた]。	경기 후 선수는 만족스러운 [표정을 짓고 있었다].
AbsoluteVerb_782	어떤 모양의 코를 가지고 있다	코의 높이나 생김새를 묘사해요.	鼻がある	코의 존재를 말하는 것보다 앞에 놓인 형용사와 함께 코의 구체적인 생김새를 묘사한다.	弟は父と同じ高い[鼻をしている/はなをしている]。	남동생은 아버지와 같은 높은 [코를 가지고 있다].	絵本の犬は、赤くて丸い[鼻をしていた/はなをしていた]。	그림책 속 개는 빨갛고 둥근 [코를 가지고 있었다].
AbsoluteVerb_785	공식적으로 휴가를 내다	일정 기간 일하지 않도록 직장에 휴가를 신청해 쉬어요.	休む	그냥 쉬는 것보다 정해진 휴가 제도를 이용하는 행위다.	引っ越しのため、金曜日に[休暇を取った/きゅうかをとった]。	이사를 위해 금요일에 [휴가를 냈다].	来月まとめて[休暇を取る/きゅうかをとる]ので、今のうちに仕事を進めている。	다음 달에 한꺼번에 [휴가를 낼] 예정이라 지금 일을 해 두고 있다.
AbsoluteVerb_788	나이가 들다	세월이 지나 나이가 많아져요.	育つ	어린 생물이 자라는 것과 달리 나이가 많아지는 흐름에 초점이 있다.	[年を取って/としをとって]から、朝早く目が覚めるようになった。	[나이가 들고] 나서 아침 일찍 잠이 깨게 되었다.	犬も[年を取る/としをとる]と、散歩の速さが変わる。	개도 [나이가 들면] 산책하는 속도가 달라진다.
AbsoluteVerb_791	신문을 정기 구독하다	신문이 정기적으로 배달되도록 구독해요.	新聞を買う	한 부씩 사는 것과 달리 정기적으로 받아 보는 계약을 뜻한다.	実家では、同じ[新聞を取っている/しんぶんをとっている]。	본가에서는 계속 같은 [신문을 구독하고 있다].	引っ越したばかりなので、まだ[新聞を取っていない/しんぶんをとっていない]。	막 이사한 참이라 아직 [신문을 구독하지 않고 있다].
AbsoluteVerb_794	쥐를 붙잡다	도망다니는 쥐를 사냥하거나 덫으로 잡아요.	ねずみを捕まえる	두 표현은 포획의 뜻이 겹치며 이 표현은 사냥이나 덫으로 쥐를 잡는 장면에 자연스럽다.	納屋の猫が、大きな[ねずみを捕った/ねずみをとった]。	헛간의 고양이가 큰 [쥐를 잡았다].	仕掛けた罠で[ねずみを捕る/ねずみをとる]ことができた。	설치한 덫으로 [쥐를 잡을] 수 있었다.
AbsoluteVerb_797	잘못이나 결과에 책임을 지다	자기 행동의 결과를 받아들이고 필요한 조치를 해요.	責任がある	책임이 있는 상태뿐 아니라 결과를 떠맡고 행동한다는 뜻이다.	店長はミスの[責任を取って/せきにんをとって]、客に直接謝った。	점장은 실수의 [책임을 지고] 손님에게 직접 사과했다.	自分で決めた以上、最後まで[責任を取る/せきにんをとる]つもりだ。	스스로 결정한 이상 끝까지 [책임을 질] 생각이다.
AbsoluteVerb_800	카드를 한 장 뽑다	겹쳐 놓거나 숨겨 놓은 카드 가운데 하나를 가져와요.	カードを配る	여러 사람에게 나누는 것과 달리 자신이 쓸 한 장을 뽑는 행동이다.	次の番で、山から一枚[カードを引いた/かーどをひいた]。	다음 차례에 카드 더미에서 한 장 [카드를 뽑았다].	[カードを引く/かーどをひく]前に、よく混ぜておこう。	[카드를 뽑기] 전에 잘 섞어 두자.
AbsoluteVerb_803	감기에 걸리다	감기 증상이 생겨 몸이 아프게 돼요.	風邪をうつされる	누군가에게 감염되었다는 경로를 말하지 않고 감기에 걸렸다는 사실을 나타낸다.	大事な試合の前日に[風邪を引いた/かぜをひいた]。	중요한 경기 전날에 [감기에 걸렸다].	今年は一度も[風邪を引いていない/かぜをひいていない]。	올해는 한 번도 [감기에 걸리지 않았다].
AbsoluteVerb_806	영향이나 여운이 오래 남다	끝난 일의 영향이 사라지지 않고 이어져요.	長引く	일 자체가 길어지는 것보다 끝난 뒤에도 영향이 남는 데 초점이 있다.	昨日の失敗が[尾を引いて/おをひいて]、今日は発言をためらった。	어제 실패의 영향이 [오래 남아] 오늘은 발언을 망설였다.	小さなけんかだったが、気まずさは一週間も[尾を引いた/おをひいた]。	작은 다툼이었지만 어색함은 일주일이나 [계속 남았다].
AbsoluteVerb_809	방아쇠를 당기다	총의 발사 장치를 손가락으로 당기는 동작이에요.	銃を構える	총을 겨누어 준비하는 자세와 달리 발사 장치를 당긴다.	映画の主人公は、最後まで[引き金を引かなかった/ひきがねをひかなかった]。	영화 주인공은 끝까지 [방아쇠를 당기지 않았다].	撮影では、俳優が[引き金を引く/ひきがねをひく]動きだけを何度も確認した。	촬영에서는 배우가 [방아쇠를 당기는] 동작만 여러 번 확인했다.
AbsoluteVerb_812	배후에서 조종하다	겉으로 나서지 않고 뒤에서 일을 움직여요.	指示する	명시적으로 지시하는 것보다 정체를 드러내지 않은 배후 조종의 느낌이다.	事件の裏で誰が[糸を引いている/いとをひいている]のか、まだ分からない。	사건 뒤에서 누가 [조종하고 있는지] 아직 모른다.	あの男が[糸を引いていた/いとをひいていた]と、最後の場面で分かった。	저 남자가 [배후에서 조종하고 있었다는] 것을 마지막 장면에서 알았다.
AbsoluteVerb_815	잠시 모습을 보이다	모임이나 익숙한 곳에 들러 사람들을 만나요.	顔を見せる	뜻이 겹치며 모임이나 장소에 잠깐 참석하는 용법으로 자주 쓴다.	帰り道に祖母の家へ[顔を出した/かおをだした]。	돌아오는 길에 할머니 댁에 [들렀다].	忙しくても、送別会には少しだけ[顔を出して/かおをだして]ね。	바쁘더라도 송별회에는 잠깐이라도 [얼굴을 비춰] 줘.
AbsoluteVerb_818	감추던 결점이 드러나다	말이나 행동에서 숨기던 실수나 약점이 드러나요.	しっぽを出す	수상한 정체의 단서보다 지식 부족이나 말의 모순 같은 허점에 잘 쓴다.	詳しいふりをしていたが、質問されると[ぼろを出した/ぼろをだした]。	잘 아는 척하고 있었지만 질문을 받자 [허점을 드러냈다].	余計なことを話して[ぼろを出さない/ぼろをださない]よう、彼は黙っていた。	쓸데없는 말을 해 [허점을 드러내지 않도록] 그는 입을 다물고 있었다.
AbsoluteVerb_821	숨긴 속셈의 단서를 드러내다	의심받던 사람이 행동을 통해 정체를 알아볼 단서를 보여요.	ぼろを出す	일반적인 허점보다 감추던 정체나 부정의 단서를 노출하는 느낌이다.	犯人は、知らないはずの部屋の様子を話して[しっぽを出した/しっぽをだした]。	범인은 모를 방의 모습을 이야기해서 [정체를 들킬 단서를 드러냈다].	相手が[しっぽを出す/しっぽをだす]まで、探偵は黙って話を聞いた。	상대가 [속셈을 드러낼] 때까지 탐정은 조용히 이야기를 들었다.
AbsoluteVerb_824	목소리를 내다	말이나 소리가 실제로 입 밖에 나오게 해요.	話す	의미 있는 말을 하는 것뿐 아니라 외침이나 발성에도 쓴다.	怖くて[声を出せず/こえをだせず]、ただ友達の袖を引いた。	무서워서 [소리를 내지 못하고] 그저 친구의 소매를 당겼다.	後ろまで聞こえるよう、もう少し大きく[声を出して/こえをだして]ください。	뒤까지 들리도록 조금 더 크게 [목소리를 내] 주세요.
AbsoluteVerb_827	뜨거운 것에서 김이 나다	따뜻한 음식이나 물 위로 하얀 수증기가 올라와요.	煙が出る	타면서 나오는 연기가 아니라 뜨거운 물에서 생기는 수증기다.	炊きたてのご飯から、白い[湯気が立っている/ゆげがたっている]。	갓 지은 밥에서 하얀 [김이 나고 있다].	ふたを開けた瞬間、勢いよく[湯気が立った/ゆげがたった]。	뚜껑을 연 순간 힘차게 [김이 났다].
AbsoluteVerb_830	소문이 나기 시작하다	확인되지 않은 이야기가 사람들 사이에 퍼져요.	うわさを立てる	누군가 소문을 퍼뜨리는 행동과 달리 소문이 생기는 쪽이다.	あの店が閉まるという[うわさが立った/うわさがたった]。	저 가게가 문을 닫는다는 [소문이 났다].	変な[うわさが立つ/うわさがたつ]前に、自分から事情を説明した。	이상한 [소문이 나기] 전에 스스로 사정을 설명했다.
AbsoluteVerb_833	체면이 서지 않다	자신이 한 약속이나 중재가 무시되어 사람들 앞에 면목이 없어요.	恥ずかしい	부끄러운 감정 일반보다 사회적 체면과 신용을 지킬 수 없는 상황이다.	私が必ず来ると言ったのだから、欠席したら[顔が立たない/かおがたたない]。	내가 반드시 온다고 말했으니 결석하면 [체면이 서지 않는다].	紹介した店でひどい対応をされて、友人に対して[顔が立たなかった/かおがたたなかった]。	소개한 가게에서 형편없는 응대를 받아 친구에게 [면목이 없었다].
AbsoluteVerb_836	피부에 소름이 돋다	추위나 강한 감정 때문에 피부가 오돌토돌해져요.	ぞっとする	두려운 느낌 자체보다 피부에 드러나는 신체 반응을 나타낸다.	冷たい水に足を入れたら、[鳥肌が立った/とりはだがたった]。	찬물에 발을 넣었더니 [소름이 돋았다].	あまりに美しい歌声に、[鳥肌が立つ/とりはだがたつ]ほど感動した。	너무 아름다운 노랫소리에 [소름이 돋을] 만큼 감동했다.
AbsoluteVerb_839	커튼을 달다	창가에 커튼을 설치하여 사용할 수 있게 해요.	カーテンを閉める	설치한 커튼을 닫는 것이 아니라 처음 달아 놓는 행동이다.	外から部屋が見えるので、厚い[カーテンを付けた/かーてんをつけた]。	밖에서 방이 보이므로 두꺼운 [커튼을 달았다].	引っ越したら、まず寝室に[カーテンを付けよう/かーてんをつけよう]。	이사하면 먼저 침실에 [커튼을 달자].
AbsoluteVerb_842	위험이나 실수를 조심하다	좋지 않은 일을 피하도록 주의를 기울여요.	気にする	어떤 일이 마음에 걸리는 것보다 의식적으로 사고나 실수를 경계하는 행동이다.	階段が濡れているから、[気を付けて/きをつけて]降りてね。	계단이 젖어 있으니 [조심해서] 내려가.	名前の書き間違いには特に[気を付けています/きをつけています]。	이름을 잘못 쓰는 일에는 특히 [주의하고 있습니다].
AbsoluteVerb_845	일에 착수하다	아직 하지 않던 일의 첫 부분을 시작해요.	取り掛かる	둘 다 착수를 뜻하며 이 표현은 아직 시작하지 않은 과제나 손대지 않은 일에 특히 자연스럽다.	机を片づけて、ようやく宿題に[手を付けた/てをつけた]。	책상을 정리하고 겨우 숙제에 [손을 댔다].	大きな仕事すぎて、どこから[手を付ける/てをつける]か迷っている。	너무 큰 일이라 어디부터 [시작할지] 망설이고 있다.
AbsoluteVerb_848	배움이나 이익에 도움이 되다	배우거나 살아가는 데 유익한 영향을 주어요.	役に立つ	당장 쓸모가 있다는 말과 겹치지만 지식과 성장에 유익함을 말할 때도 자연스럽다.	失敗談も聞けて、とても[ためになった/ためになった]。	실패담도 들을 수 있어 무척 [도움이 되었다].	この本は、新しく店を始める人の[ためになる/ためになる]と思う。	이 책은 새로 가게를 시작하는 사람에게 [도움이 될] 것 같다.
AbsoluteVerb_851	앞을 막아 방해가 되다	활동이나 이동이 원활하지 않도록 거슬리는 것이 돼요.	邪魔をする	방해 행위 자체보다 그 상태나 결과에 초점을 둔다. 물건이 놓인 것만으로도 방해가 될 수 있으며 비교 표현 역시 항상 고의를 뜻하지는 않는다.	入口の箱が[邪魔になって/じゃまになって]、ドアを開けられない。	입구의 상자가 [방해가 되어] 문을 열 수 없다.	料理中は、長い袖が[邪魔になる/じゃまになる]。	요리할 때는 긴 소매가 [방해가 된다].
AbsoluteVerb_854	도움을 받아 신세를 지다	돌봄이나 도움을 받은 관계를 공손하게 말해요.	世話をする	돌보는 쪽이 아니라 도움과 돌봄을 받는 쪽의 표현이다.	留学中は、隣の家族にずいぶん[お世話になった/おせわになった]。	유학 중에는 옆집 가족에게 무척 [신세를 졌다].	明日から一週間、こちらで[お世話になります/おせわになります]。	내일부터 일주일 동안 이곳에서 [신세를 지겠습니다].
AbsoluteVerb_857	어떻게든 해결되다	방법이 뚜렷하지 않아도 결국 해결될 수 있다고 보아요.	何とかする	스스로 해결하겠다는 행동보다 일이 어떻게든 풀리는 결과에 초점이 있다.	材料は足りないけれど、今あるもので[何とかなる/なんとかなる]よ。	재료는 부족하지만 지금 있는 것으로 [어떻게든 될] 거야.	心配したが、周りの助けで[何とかなった/なんとかなった]。	걱정했지만 주변의 도움으로 [어떻게든 해결됐다].
AbsoluteVerb_861	마음에 걸려 궁금하다	어떤 것이 머릿속에서 떠나지 않아 계속 신경이 쓰여요.	気にする	두 표현은 뜻이 겹치며, 이 말은 어떤 대상이 마음에 걸리는 상태를, 비교 표현은 사람이 그 대상을 마음에 두는 모습을 나타낸다. 비교 표현이 반드시 의도적인 걱정을 뜻하지는 않는다.	隣の席の話の続きが[気になる/きになる]。	옆자리 이야기의 다음 내용이 [궁금하다].	試験の結果が[気になって/きになって]、何度も時計を見た。	시험 결과가 [신경 쓰여서] 여러 번 시계를 봤다.
AbsoluteVerb_865	성미가 느긋하다	쉽게 조급해하지 않고 오래 기다릴 수 있어요.	のんびりしている	생활 태도의 느긋함과 겹치지만 오래 기다리는 인내심에 특히 쓴다.	祖父は[気が長くて/きがながくて]、釣れなくても夕方まで待つ。	할아버지는 [성미가 느긋해서] 물고기가 잡히지 않아도 저녁까지 기다리신다.	こんな細かい作業を続けられるなんて、[気が長い/きがながい]ね。	이렇게 세밀한 작업을 계속할 수 있다니 [성미가 느긋하구나].
AbsoluteVerb_868	할 마음이 없다	어떤 일을 하려는 의향이나 관심이 없어요.	できない	능력이나 조건 때문에 못하는 것과 달리 하려는 의지가 없다.	彼は最初から買う[気がなかった/きがなかった]ようだ。	그는 처음부터 살 [마음이 없었던] 모양이다.	今日は外へ出る[気がない/きがない]ので、家で本を読む。	오늘은 밖에 나갈 [마음이 없어서] 집에서 책을 읽는다.
AbsoluteVerb_871	무언가 할 기분이 들다	억지로가 아니라 자연스럽게 하고 싶은 마음이 생겨요.	気になる	마음에 걸리는 것과 달리 행동하고 싶은 쪽으로 마음이 움직인다.	[気が向いたら/きがむいたら]、いつでも遊びに来てね。	[내키면] 언제든 놀러 와.	珍しく散歩に[気が向いた/きがむいた]ので、遠くの公園まで歩いた。	모처럼 산책이 [내켜서] 먼 공원까지 걸었다.
theme-core-JLPTN3_3	식물을 심다	자랄 수 있도록 모종이나 나무를 땅에 넣어요.	蒔く	작은 씨앗을 뿌리는 것과 달리 뿌리 있는 모종이나 나무를 자리 잡게 한다.	庭の隅に桜の木を[植えた/うえた]。	정원 구석에 벚나무를 [심었다].	この苗は日当たりのいい場所に[植えて/うえて]ください。	이 모종은 햇빛이 잘 드는 곳에 [심어] 주세요.
theme-core-JLPTN3_6	실을 엮어 뜨개질하다	실을 고리 모양으로 엮어 옷이나 소품을 만들어요.	縫う	천을 바늘로 꿰매는 것과 달리 실 자체를 엮어 천 모양을 만든다.	祖母が[編んだ/あんだ]マフラーは、今も冬に使っている。	할머니가 [뜨신] 목도리는 지금도 겨울에 쓰고 있다.	手袋を[編みたい/あみたい]けれど、指の部分が難しそうだ。	장갑을 [뜨고 싶지만] 손가락 부분이 어려워 보인다.
theme-core-JLPTN3_9	정말인지 의심하다	겉으로 보이는 내용이 진실인지 확신하지 못해요.	怪しむ	수상하게 여기는 것과 겹치지만 주장과 정보의 진실성을 문제 삼을 때도 폭넓게 쓴다.	数字が大きすぎるので、まず入力ミスを[疑った/うたがった]。	숫자가 너무 커서 먼저 입력 오류를 [의심했다].	誰も彼の説明を[疑わなかった/うたがわなかった]が、後で間違いが分かった。	아무도 그의 설명을 [의심하지 않았지만] 나중에 오류가 밝혀졌다.
theme-core-JLPTN3_12	차이를 알아보려고 비교하다	같은 기준으로 나란히 살펴봐요. 대조한다는 격식 있는 표현과 뜻이 겹쳐요.	比較する	의미는 거의 같으며 이 표현이 일상 대화에 더 흔하고 비교어는 설명이나 분석에서 격식 있게 쓰기 좋다.	買う前に、二つの椅子の座り心地を[比べた/くらべた]。	사기 전에 의자 두 개의 착석감을 [비교했다].	昔の地図と[比べる/くらべる]と、川の形まで変わっていた。	옛 지도와 [비교하니] 강의 모양까지 바뀌어 있었다.
